Date,Name,Year,Letterboxd URI,Rating
2023-08-01,Cast Away,2000,https://boxd.it/20i8,4
2023-11-08,The Yellow Sea,2010,https://boxd.it/2j6q,4
2023-11-10,(500) Days of Summer,2009,https://boxd.it/1EmM,4
2023-11-13,Knives Out,2019,https://boxd.it/jWEA,3
2023-11-18,The Darjeeling Limited,2007,https://boxd.it/24as,4
2023-11-25,Enemy at the Gates,2001,https://boxd.it/29s2,3.5
2023-11-26,The White Tiger,2021,https://boxd.it/nhg6,2
2023-11-27,Before We Go,2014,https://boxd.it/8KRg,3
2023-11-27,The Hurt Locker,2008,https://boxd.it/1Soi,3
2023-11-27,Chronicle of an Escape,2006,https://boxd.it/1vDk,3
2023-11-27,Rocky,1976,https://boxd.it/28Uk,3.5
2023-11-27,Happy Gilmore,1996,https://boxd.it/1Yey,3.5
2023-11-27,Panic Room,2002,https://boxd.it/2490,3.5
2023-11-27,Sir,2018,https://boxd.it/iNpa,3.5
2023-11-27,School of Rock,2003,https://boxd.it/28xK,3.5
2023-11-27,Shutter Island,2010,https://boxd.it/1U82,3.5
2023-11-27,Paprika,2006,https://boxd.it/23wW,3.5
2023-11-27,Die Hard,1988,https://boxd.it/2a7u,3.5
2023-11-28,300,2006,https://boxd.it/28XI,2
2023-11-29,127 Hours,2010,https://boxd.it/SLa,3.5
2023-11-29,Charlie and the Chocolate Factory,2005,https://boxd.it/2b68,3
2023-12-02,Baby Driver,2017,https://boxd.it/bhF2,3.5
2023-12-09,The Usual Suspects,1995,https://boxd.it/29XE,3
2023-12-10,Cloudy with a Chance of Meatballs,2009,https://boxd.it/1A40,3.5
2023-12-12,Mean Girls,2004,https://boxd.it/1VNg,3.5
2023-12-26,The Curious Case of Benjamin Button,2008,https://boxd.it/23Fk,3.5
2023-12-29,Big,1988,https://boxd.it/271S,3.5
2023-12-29,The Greatest Game Ever Played,2005,https://boxd.it/1M8I,3.5
2023-12-29,The Imitation Game,2014,https://boxd.it/6aig,3
2024-01-02,"Honey, I Shrunk the Kids",1989,https://boxd.it/1YTw,3
2024-01-02,Midnight Mass,2021,https://boxd.it/wvVA,3
2024-01-03,A Quiet Place,2018,https://boxd.it/fVJQ,3
2024-01-04,The Revenant,2015,https://boxd.it/8H5e,4
2024-01-04,Rain Man,1988,https://boxd.it/2avw,4
2024-01-04,Watching the Detectives,2007,https://boxd.it/1B3i,3.5
2024-01-04,Jurassic Park,1993,https://boxd.it/2aA2,3.5
2024-01-04,Braveheart,1995,https://boxd.it/2aTI,3.5
2024-01-04,Arrival,2016,https://boxd.it/aNGk,4
2024-01-04,The Prestige,2006,https://boxd.it/293w,4
2024-01-04,WALL·E,2008,https://boxd.it/1VEo,4
2024-01-04,1917,2019,https://boxd.it/jj4y,4
2024-01-04,Gravity,2013,https://boxd.it/GZY,4
2024-01-04,Ratatouille,2007,https://boxd.it/27ww,4
2024-01-04,For a Few Dollars More,1965,https://boxd.it/29eu,4
2024-01-04,Terminator 2: Judgment Day,1991,https://boxd.it/2aGY,4
2024-01-04,The Departed,2006,https://boxd.it/28MA,4
2024-01-05,Megamind,2010,https://boxd.it/16Sk,3.5
2024-01-05,Titanic,1997,https://boxd.it/2a2k,4
2024-01-05,The Matrix,1999,https://boxd.it/2a1m,4
2024-01-05,Warrior,2011,https://boxd.it/i3G,4
2024-01-05,Two,1965,https://boxd.it/5MnG,4
2024-01-05,Princess Mononoke,1997,https://boxd.it/2b4w,4
2024-01-05,Eighth Grade,2018,https://boxd.it/hDMG,4
2024-01-05,The Lord of the Rings: The Two Towers,2002,https://boxd.it/2b5E,4
2024-01-05,The Lord of the Rings: The Fellowship of the Ring,2001,https://boxd.it/2b5O,4
2024-01-06,Little Women,2019,https://boxd.it/aSVk,4.5
2024-01-06,GoodFellas,1990,https://boxd.it/29FA,4.5
2024-01-06,The Godfather Part II,1974,https://boxd.it/2aNq,4.5
2024-01-06,Back to the Future,1985,https://boxd.it/2b8e,4
2024-01-06,The Wizard of Oz,1939,https://boxd.it/29Xu,3.5
2024-01-06,Midnight Runners,2017,https://boxd.it/gaee,3.5
2024-01-06,Coco,2017,https://boxd.it/bYJQ,4
2024-01-06,Room,2015,https://boxd.it/7T0y,4
2024-01-06,Inside Out,2015,https://boxd.it/4KHC,4
2024-01-06,The Adventures of Tintin,2011,https://boxd.it/1Irc,4
2024-01-06,Your Name.,2016,https://boxd.it/cUqs,5
2024-01-06,One Flew Over the Cuckoo's Nest,1975,https://boxd.it/2aeA,5
2024-01-06,Life Is Beautiful,1997,https://boxd.it/29Wm,5
2024-01-06,Normal People,2020,https://boxd.it/q2VY,5
2024-01-06,Zodiac,2007,https://boxd.it/27MO,5
2024-01-06,Parasite,2019,https://boxd.it/hTha,5
2024-01-06,Stalker,1979,https://boxd.it/28PO,5
2024-01-06,Before Sunset,2004,https://boxd.it/2bcg,5
2024-01-06,Birdman or (The Unexpected Virtue of Ignorance),2014,https://boxd.it/5RFA,4.5
2024-01-06,Schindler's List,1993,https://boxd.it/2aq2,4.5
2024-01-06,City Lights,1931,https://boxd.it/29ki,4.5
2024-01-06,The Godfather,1972,https://boxd.it/2aNK,4.5
2024-01-06,2001: A Space Odyssey,1968,https://boxd.it/2bf0,4.5
2024-01-06,Good Will Hunting,1997,https://boxd.it/2ahY,4.5
2024-01-06,The Lord of the Rings: The Return of the King,2003,https://boxd.it/2b5u,4.5
2024-01-06,Mad Max: Fury Road,2015,https://boxd.it/2DjO,4.5
2024-01-06,Isle of Dogs,2018,https://boxd.it/dZrW,4.5
2024-01-06,Catch Me If You Can,2002,https://boxd.it/29VS,4.5
2024-01-06,The Grand Budapest Hotel,2014,https://boxd.it/3ZqO,5
2024-01-07,Edward Scissorhands,1990,https://boxd.it/2aZc,3.5
2024-01-07,Ankhon Dekhi,2013,https://boxd.it/76UC,4.5
2024-01-07,Captain Phillips,2013,https://boxd.it/3GPK,4
2024-01-07,Weathering with You,2019,https://boxd.it/kPxE,3.5
2024-01-07,Flavors of Youth,2018,https://boxd.it/iAAa,3.5
2024-01-07,The Good Dinosaur,2015,https://boxd.it/3AD4,3.5
2024-01-07,Police Story,1985,https://boxd.it/1Zhe,3.5
2024-01-07,12 Angry Men,1957,https://boxd.it/2auI,4.5
2024-01-07,Nightcrawler,2014,https://boxd.it/780m,4.5
2024-01-07,The Pianist,2002,https://boxd.it/2aqc,4.5
2024-01-07,The 36th Chamber of Shaolin,1978,https://boxd.it/1SXC,4.5
2024-01-09,Ocean Waves,1993,https://boxd.it/1CtQ,3
2024-01-10,Cars,2006,https://boxd.it/29ho,3
2024-01-14,The Man Who Stole the Sun,1979,https://boxd.it/igK,4.5
2024-01-15,Train to Busan,2016,https://boxd.it/dSQU,3
2024-01-15,Memory Of Being Here,2014,https://boxd.it/mRey,3
2024-01-15,I Am 20,1967,https://boxd.it/blG4,4.5
2024-01-15,Dou kyu sei – Classmates,2016,https://boxd.it/cW8g,4.5
2024-01-16,The Gold Rush,1925,https://boxd.it/29ce,4.5
2024-01-16,Fullmetal Alchemist: Brotherhood,2009,https://boxd.it/ptii,4.5
2024-01-16,Inception,2010,https://boxd.it/1skk,4.5
2024-01-16,Spider-Man: Into the Spider-Verse,2018,https://boxd.it/azpY,4.5
2024-01-16,Eternal Sunshine of the Spotless Mind,2004,https://boxd.it/6YK,4.5
2024-01-18,Her,2013,https://boxd.it/4O24,4.5
2024-01-20,In the Mood for Love,2000,https://boxd.it/29tE,4.5
2024-01-20,Apocalypto,2006,https://boxd.it/28yy,4
2024-01-20,Cha Cha Real Smooth,2022,https://boxd.it/uF8E,4
2024-01-20,The Perks of Being a Wallflower,2012,https://boxd.it/2ZA8,4
2024-01-20,Up,2009,https://boxd.it/1OEc,4
2024-01-20,Perfect Blue,1997,https://boxd.it/1W7A,4
2024-01-20,Dunkirk,2017,https://boxd.it/d0Y6,4
2024-01-20,Dersu Uzala,1975,https://boxd.it/1XRO,4
2024-01-20,Afternoon Clouds,2017,https://boxd.it/gxxS,4
2024-01-20,"Watermelon, Fish and Half Ghost",2014,https://boxd.it/mReS,4
2024-01-20,Shithouse,2020,https://boxd.it/nCFc,4
2024-01-20,When Harry Met Sally...,1989,https://boxd.it/29W2,3.5
2024-01-20,Drive,2011,https://boxd.it/IG,3.5
2024-01-20,Once Upon a Time in the West,1968,https://boxd.it/2az4,3.5
2024-01-20,The Shape of Water,2017,https://boxd.it/dZ5m,3.5
2024-01-22,Little Miss Sunshine,2006,https://boxd.it/29EW,4.5
2024-01-22,Howl's Moving Castle,2004,https://boxd.it/23De,4
2024-01-23,Fight Club,1999,https://boxd.it/2a9q,4.5
2024-01-23,5 Centimeters per Second,2007,https://boxd.it/16G4,4.5
2024-01-23,And What Is the Summer Saying?,2018,https://boxd.it/ifL2,4.5
2024-01-23,Burning,2018,https://boxd.it/hHUa,4.5
2024-01-23,The Piano Teacher,2001,https://boxd.it/2886,4.5
2024-01-25,Ford v Ferrari,2019,https://boxd.it/ce74,4
2024-01-27,The Secret Life of Walter Mitty,2013,https://boxd.it/3SWy,5
2024-01-27,The Shawshank Redemption,1994,https://boxd.it/2aHi,5
2024-01-27,Dead Poets Society,1989,https://boxd.it/2aSg,5
2024-01-27,The Social Network,2010,https://boxd.it/17ue,5
2024-01-27,Modern Times,1936,https://boxd.it/25MC,5
2024-01-27,Spirited Away,2001,https://boxd.it/2b4m,5
2024-01-27,A Brighter Summer Day,1991,https://boxd.it/1Luy,5
2024-01-27,The Lighthouse,2019,https://boxd.it/icFU,5
2024-01-27,About Time,2013,https://boxd.it/43bI,5
2024-01-27,"The Good, the Bad and the Ugly",1966,https://boxd.it/2ape,5
2024-01-27,The Bridge on the River Kwai,1957,https://boxd.it/29wo,5
2024-01-27,Snatch,2000,https://boxd.it/2b7U,4
2024-01-27,Sherlock Jr.,1924,https://boxd.it/298m,4
2024-01-31,Junun,2015,https://boxd.it/c0fo,4
2024-05-27,Us and Them,2018,https://boxd.it/ip3a,4.5
2025-01-25,Court,2014,https://boxd.it/96Fm,4.5
2025-01-25,Lady Bird,2017,https://boxd.it/dGNE,4.5
2025-01-28,One Fine Spring Day,2001,https://boxd.it/3jFC,4
2025-01-28,The Wonderful Story of Henry Sugar,2023,https://boxd.it/yNyo,4
2025-01-28,Asteroid City,2023,https://boxd.it/s3ds,4
2025-01-28,All Quiet on the Western Front,2022,https://boxd.it/H08,4
2025-01-28,Crayon Shin-chan: The Storm Called: The Adult Empire Strikes Back,2001,https://boxd.it/18DG,4.5
2025-01-29,The First Slam Dunk,2022,https://boxd.it/tt94,4
2025-01-29,Swing Girls,2004,https://boxd.it/1ag0,4.5
2025-01-30,Django Unchained,2012,https://boxd.it/2cCk,4.5
2025-01-30,First Man,2018,https://boxd.it/cPym,4
2025-01-30,Black Swan,2010,https://boxd.it/Sw0,4
2025-01-30,The 400 Blows,1959,https://boxd.it/2b1C,4
2025-01-30,Jaane Bhi Do Yaaro,1983,https://boxd.it/1vHw,4.5
2025-01-30,Portrait of a Lady on Fire,2019,https://boxd.it/jkPq,3.5
2025-01-30,American Psycho,2000,https://boxd.it/28Vs,4
2025-01-31,Fallen Angels,1995,https://boxd.it/1UkW,4.5
2025-01-31,Dororo,2019,https://boxd.it/py3W,4
2025-02-01,Asako I & II,2018,https://boxd.it/hyNk,4.5
2025-02-01,Past Lives,2023,https://boxd.it/oNB8,4.5
2025-02-01,Something in the Rain,2018,https://boxd.it/uSIq,4
2025-02-01,The Silence of the Lambs,1991,https://boxd.it/2aHW,4
2025-02-01,Dhobi Ghat,2010,https://boxd.it/tae,4
2025-02-01,The Lego Movie,2014,https://boxd.it/4pDO,4.5
2025-02-01,The Lego Batman Movie,2017,https://boxd.it/azp0,4
2025-02-02,Oye Lucky! Lucky Oye!,2008,https://boxd.it/1L62,4.5
2025-02-02,A Silent Voice: The Movie,2016,https://boxd.it/d99c,4.5
2025-02-02,Kikujiro,1999,https://boxd.it/24xc,4.5
2025-02-05,Ocean's Eleven,2001,https://boxd.it/2aZm,4
2025-02-05,Reality Bites,1994,https://boxd.it/26iI,3
2025-02-05,Monty Python and the Holy Grail,1975,https://boxd.it/29GI,4
2025-02-07,We Live in Time,2024,https://boxd.it/FC5u,3.5
2025-02-07,Harakiri,1962,https://boxd.it/1NTU,4.5
2025-02-07,The Graduate,1967,https://boxd.it/18Im,2
2025-02-09,There Will Be Blood,2007,https://boxd.it/20Z2,4.5
2025-02-09,In the Name of God,1992,https://boxd.it/7J8M,5
2025-02-09,Chungking Express,1994,https://boxd.it/1UDa,5
2025-02-09,Boyhood,2014,https://boxd.it/3178,5
2025-02-09,Inside Llewyn Davis,2013,https://boxd.it/34Ro,5
2025-02-09,Close-Up,1990,https://boxd.it/1m9q,5
2025-02-09,Where Is the Friend's House?,1987,https://boxd.it/ELg,5
2025-02-09,Mommy,2014,https://boxd.it/7Uau,5
2025-02-09,Whiplash,2014,https://boxd.it/7bQA,5
2025-02-09,Memories of Murder,2003,https://boxd.it/1TSo,5
2025-02-09,It's Such a Beautiful Day,2012,https://boxd.it/hCY2,5
2025-02-09,Grave of the Fireflies,1988,https://boxd.it/1RUM,5
2025-02-09,Aftersun,2022,https://boxd.it/Arw0,5
2025-02-09,Whisper of the Heart,1995,https://boxd.it/17uy,5
2025-02-09,Columbus,2017,https://boxd.it/eCuA,5
2025-02-09,The Thin Red Line,1998,https://boxd.it/1ZTM,5
2025-02-09,Stop Making Sense,1984,https://boxd.it/1ygo,5
2025-02-09,La La Land,2016,https://boxd.it/a5fa,5
2025-02-09,Ping Pong the Animation,2014,https://boxd.it/oL1s,5
2025-02-09,The Holdovers,2023,https://boxd.it/vHza,5
2025-02-09,The Tree of Life,2011,https://boxd.it/1Zu8,5
2025-02-09,Trijya - Radius,2019,https://boxd.it/oedq,5
2025-02-09,House of Hummingbird,2018,https://boxd.it/jZ8C,5
2025-02-09,Yi Yi,2000,https://boxd.it/1vCw,5
2025-02-09,Perfect Days,2023,https://boxd.it/ATh8,5
2025-02-10,Blue Valentine,2010,https://boxd.it/MxG,4
2025-02-14,Barbarian,2022,https://boxd.it/yohi,1
2025-02-14,Good Morning,1959,https://boxd.it/2lkk,5
2025-02-19,Once Upon a Time... in Hollywood,2019,https://boxd.it/gH0O,2
2025-02-20,Gone Girl,2014,https://boxd.it/6hQu,3
2025-02-22,Three Colours: Red,1994,https://boxd.it/2b7q,4.5
2025-02-22,Three Colours: Blue,1993,https://boxd.it/2b7K,3
2025-02-22,Three Colours: White,1994,https://boxd.it/2b7A,3.5
2025-02-22,Ship of Theseus,2012,https://boxd.it/4c5O,5
2025-02-22,Pather Panchali,1955,https://boxd.it/22yC,5
2025-02-23,Tampopo,1985,https://boxd.it/1SZe,3.5
2025-02-23,Big Hero 6,2014,https://boxd.it/5rje,4
2025-02-23,Priscilla,2023,https://boxd.it/Cz3k,2
2025-02-23,Qala,2022,https://boxd.it/zdTi,3
2025-02-23,Zindagi Na Milegi Dobara,2011,https://boxd.it/efo,4.5
2025-02-23,Special 26,2013,https://boxd.it/59fS,4
2025-02-23,Chhoti Si Baat,1976,https://boxd.it/2qak,4
2025-02-23,How to Train Your Dragon,2010,https://boxd.it/1WRy,4
2025-02-23,Fantastic Mr. Fox,2009,https://boxd.it/1WyQ,4.5
2025-02-23,Photograph,2019,https://boxd.it/iE22,4.5
2025-02-23,Ice Merchants,2022,https://boxd.it/Arx8,4.5
2025-02-23,HAIKYU!! The Dumpster Battle,2024,https://boxd.it/Cgri,4
2025-02-23,Babygirl,2024,https://boxd.it/Fvai,1
2025-02-23,Suzume,2022,https://boxd.it/yv7Y,3
2025-02-23,X,2022,https://boxd.it/sxVa,1
2025-02-23,Juice,2017,https://boxd.it/hTsi,4
2025-02-23,I Saw the TV Glow,2024,https://boxd.it/woVe,2
2025-02-23,First Love,2022,https://boxd.it/DXyS,4
2025-02-23,No Country for Old Men,2007,https://boxd.it/21ew,2
2025-02-24,My Liberation Notes,2022,https://boxd.it/Baf4,4.5
2025-02-25,Piku,2015,https://boxd.it/aXUc,3.5
2025-02-25,October,2018,https://boxd.it/hUvi,3.5
2025-02-25,All of Us Strangers,2023,https://boxd.it/Bz3C,3
2025-02-27,Trapped,2017,https://boxd.it/fj8i,4
2025-02-27,"The French Dispatch of the Liberty, Kansas Evening Sun",2021,https://boxd.it/jLP8,3.5
2025-02-28,A Night of Knowing Nothing,2021,https://boxd.it/vBUw,4.5
2025-02-28,Challengers,2024,https://boxd.it/zld0,3
2025-02-28,Prisoners,2013,https://boxd.it/4E5i,4
2025-02-28,Life of Pi,2012,https://boxd.it/37pC,4.5
2025-02-28,The Boy and the Heron,2023,https://boxd.it/ipeM,3.5
2025-02-28,Palm Springs,2020,https://boxd.it/lCXQ,3
2025-03-01,Haru,1996,https://boxd.it/7Lo8,4.5
2025-03-01,My Neighbor Totoro,1988,https://boxd.it/20eA,4
2025-03-01,Soulmate,2023,https://boxd.it/mQQQ,3.5
2025-03-02,Megalopolis,2024,https://boxd.it/lPBS,0.5
2025-03-02,The Queen's Gambit,2020,https://boxd.it/s1Ym,4
2025-03-02,The Hundred-Foot Journey,2014,https://boxd.it/6JBi,3.5
2025-03-02,Elysium,2013,https://boxd.it/2cBm,3
2025-03-02,Snowpiercer,2013,https://boxd.it/3Icg,3
2025-03-02,Samurai Champloo,2004,https://boxd.it/o8go,4.5
2025-03-02,Aparajito,1956,https://boxd.it/29kW,5
2025-03-02,Apur Sansar,1959,https://boxd.it/29l6,5
2025-03-02,All About Lily Chou-Chou,2001,https://boxd.it/1JP0,5
2025-03-02,Dostojee,2022,https://boxd.it/wUmU,5
2025-03-02,Violet Evergarden,2018,https://boxd.it/px3Q,4
2025-03-02,Prison 77,2022,https://boxd.it/yq4U,4
2025-03-03,The Dark Knight,2008,https://boxd.it/2b0k,3.5
2025-03-03,The Royal Tenenbaums,2001,https://boxd.it/1YHU,4
2025-03-04,SoulMate,2016,https://boxd.it/eJXY,3.5
2025-03-04,Diary of a Wimpy Kid,2010,https://boxd.it/1fUa,3
2025-03-05,Mulholland Drive,2001,https://boxd.it/297o,3.5
2025-03-05,Interstellar,2014,https://boxd.it/4VZ8,4.5
2025-03-05,Rushmore,1998,https://boxd.it/1TAO,4
2025-03-09,The Tatami Galaxy,2010,https://boxd.it/oL50,4.5
2025-03-09,Three of Us,2022,https://boxd.it/DQmq,4.5
2025-03-10,Babylon,2022,https://boxd.it/mM02,1
2025-03-10,Babe,1995,https://boxd.it/1Yh8,4.5
2025-03-10,3-Iron,2004,https://boxd.it/28WK,4.5
2025-03-10,Pulp Fiction,1994,https://boxd.it/29Pq,4
2025-03-12,Scott Pilgrim vs. the World,2010,https://boxd.it/1Aq6,3
2025-03-12,Jumanji,1995,https://boxd.it/1ZLI,4
2025-03-14,Diary of a Wimpy Kid: Dog Days,2012,https://boxd.it/2TG0,4
2025-03-31,Look Back,2024,https://boxd.it/LjA6,4
2025-04-19,Scam 1992: The Harshad Mehta Story,2020,https://boxd.it/shWQ,4.5
2025-04-24,Moonlight,2016,https://boxd.it/d6bE,4
2025-05-14,Love Letter,1995,https://boxd.it/LMA,4
2025-05-18,Mirza Ghalib,1988,https://boxd.it/Yx40,4.5
2025-05-20,Ijaazat,1987,https://boxd.it/3VqK,4
2025-05-21,The Big City,1963,https://boxd.it/fI2,5
2025-05-23,Superboys of Malegaon,2024,https://boxd.it/KyOU,4
2025-05-29,Minari,2020,https://boxd.it/mL9M,4
2025-05-29,Forrest Gump,1994,https://boxd.it/728,3.5
2025-05-29,The Life Aquatic with Steve Zissou,2004,https://boxd.it/2aqw,4
2025-05-31,Like Stars on Earth,2007,https://boxd.it/20SA,4
2025-05-31,Killa,2014,https://boxd.it/8OjW,4.5
2025-06-01,Lights Out,2016,https://boxd.it/bAHc,1
2025-06-01,The Invitation,2015,https://boxd.it/9OUU,1
2025-06-01,Zathura: A Space Adventure,2005,https://boxd.it/21mq,3
2025-06-01,The Book of Life,2014,https://boxd.it/6JKY,3
2025-06-01,Zootopia,2016,https://boxd.it/84xS,4
2025-06-01,The Croods,2013,https://boxd.it/FRE,3
2025-06-01,Bird Box,2018,https://boxd.it/eh1i,2
2025-06-01,Return to Seoul,2022,https://boxd.it/zXDg,1
2025-06-01,Top Gun,1986,https://boxd.it/29JC,2
2025-06-01,Bodies Bodies Bodies,2022,https://boxd.it/iRcE,1
2025-06-01,West Side Story,1961,https://boxd.it/28dK,2
2025-06-01,A Monster Calls,2016,https://boxd.it/7DjE,3
2025-06-01,Doraemon: Nobita's Three Visionary Swordsmen,1994,https://boxd.it/52H6,4
2025-06-07,Pulse,2001,https://boxd.it/1s3y,1
2025-06-07,Bridge of Spies,2015,https://boxd.it/9n9C,4
2025-06-07,The Italian Job,2003,https://boxd.it/1Y86,3.5
2025-06-09,Pyaasa,1957,https://boxd.it/10iq,4
2025-06-09,Chernobyl,2019,https://boxd.it/mkbG,4.5
2025-06-10,The Taste of Tea,2004,https://boxd.it/1Mse,5
2025-06-10,Monkey Man,2024,https://boxd.it/kvsO,3.5
2025-06-18,Se7en,1995,https://boxd.it/29zs,4
2025-06-18,La Chimera,2023,https://boxd.it/vzVi,4.5
2025-06-18,Like Crazy,2011,https://boxd.it/g4s,3.5
2025-06-18,In Time,2011,https://boxd.it/FPS,3.5
2025-06-18,A Gentle Breeze in the Village,2007,https://boxd.it/2Vdk,3
2025-06-19,Lion,2016,https://boxd.it/b2La,4
2025-06-20,Materialists,2025,https://boxd.it/GZlW,3
2025-06-20,Spider-Man: Across the Spider-Verse,2023,https://boxd.it/kSz4,4
2025-06-20,Raincoat,2004,https://boxd.it/ZPe,1
2025-06-20,Begin Again,2013,https://boxd.it/5Ybs,3
2025-06-22,Mission: Impossible – Fallout,2018,https://boxd.it/bSVc,3.5
2025-06-23,Gladiator,2000,https://boxd.it/2b9m,4.5
2025-06-24,Memento,2000,https://boxd.it/2bcK,4
2025-06-24,Tenet,2020,https://boxd.it/leq4,2
2025-06-29,Donnie Darko,2001,https://boxd.it/2b2A,3.5
2025-07-02,Steins;Gate,2011,https://boxd.it/psNE,4
2025-07-03,Lakshya,2004,https://boxd.it/1Ckk,3
2025-07-03,Harry Potter and the Prisoner of Azkaban,2004,https://boxd.it/29Qy,4
2025-07-04,The Breakfast Club,1985,https://boxd.it/27q4,2
2025-07-04,Masoom,1983,https://boxd.it/1BRi,4
2025-07-04,A Summer's Tale,1996,https://boxd.it/183e,3.5
2025-07-04,The Beautiful Person,2008,https://boxd.it/152W,2
2025-07-04,The Pursuit of Happyness,2006,https://boxd.it/28PE,4.5
2025-07-04,"Synecdoche, New York",2008,https://boxd.it/23zw,3
2025-07-04,The Truman Show,1998,https://boxd.it/18U8,4.5
2025-07-06,Rang De Basanti,2006,https://boxd.it/20KG,4.5
2025-07-06,Gandhi,1982,https://boxd.it/29Dk,4
2025-07-06,The Lunchbox,2013,https://boxd.it/5MOs,5
2025-07-06,Lost Ladies,2023,https://boxd.it/I0mS,4
2025-07-06,The Apartment,1960,https://boxd.it/2aGE,4
2025-07-06,Hereditary,2018,https://boxd.it/hNVe,1
2025-07-08,The Exorcist,1973,https://boxd.it/1Yoo,1
2025-07-09,Masaan,2015,https://boxd.it/b6x2,4.5
2025-07-09,Blade Runner 2049,2017,https://boxd.it/b8wK,3.5
2025-07-09,Weak Hero,2022,https://boxd.it/DLVq,2
2025-07-09,Wake Up Sid,2009,https://boxd.it/1C8e,3.5
2025-07-10,Taxi Driver,1976,https://boxd.it/2b8y,4
2025-07-10,Premium Rush,2012,https://boxd.it/FQw,4
2025-07-11,Udaan,2010,https://boxd.it/PPe,4
2025-07-11,Aligarh,2015,https://boxd.it/cRto,4.5
2025-07-11,Monsoon Wedding,2001,https://boxd.it/2aiM,4
2025-07-11,Swades,2004,https://boxd.it/1Ly6,3.5
2025-07-11,3 Idiots,2009,https://boxd.it/1Dsa,4
2025-07-13,Another Round,2020,https://boxd.it/lkba,4.5
2025-07-21,The Brutalist,2024,https://boxd.it/k4BO,3.5
2025-07-26,Million Dollar Arm,2014,https://boxd.it/5Y34,3.5
2025-07-26,Real Steel,2011,https://boxd.it/147m,4
2025-07-26,The Boy in the Striped Pyjamas,2008,https://boxd.it/1NOK,4
2025-07-26,Fair Play,2023,https://boxd.it/yirc,2
2025-07-26,Ran,1985,https://boxd.it/1Tlu,3
2025-07-29,Oldboy,2003,https://boxd.it/29R2,4
2025-07-30,Khosla Ka Ghosla!,2006,https://boxd.it/1Mie,4.5
2025-07-30,One Crazy Summer: A Look Back at Gravity Falls,2018,https://boxd.it/jk4Y,4.5
2025-08-06,The Great Dictator,1940,https://boxd.it/29ic,4.5
2025-08-11,Y Tu Mamá También,2001,https://boxd.it/28QM,4
2025-08-15,The Garden of Words,2013,https://boxd.it/5Ymq,2
2025-08-18,Ishqiya,2010,https://boxd.it/1fgu,3.5
2025-08-18,Rock On!!,2008,https://boxd.it/1EHK,3.5
2025-08-19,"Comrades, Almost a Love Story",1996,https://boxd.it/18QU,4
2025-08-19,Everything Everywhere All at Once,2022,https://boxd.it/jUk4,4
2025-08-20,Battle Royale,2000,https://boxd.it/25zS,2
2025-08-20,Death Note,2006,https://boxd.it/psEs,4
2025-08-22,Cure,1997,https://boxd.it/1blA,4.5
2025-08-22,Maborosi,1995,https://boxd.it/1G9U,5
2025-08-22,In Bruges,2008,https://boxd.it/20n8,4
2025-08-25,The Last 10 Years,2022,https://boxd.it/x57m,3.5
2025-08-28,Emilie Muller,1993,https://boxd.it/ewEO,4.5
2025-08-28,Adolescence,2025,https://boxd.it/TFGw,4.5
2025-08-29,The Farewell,2019,https://boxd.it/kIky,3
2025-08-31,The Big Lebowski,1998,https://boxd.it/2b6C,4
2025-08-31,Charulata,1964,https://boxd.it/1bVy,4.5
2025-09-02,Cowboy Bebop,1998,https://boxd.it/ptES,4.5
2025-09-02,Saving Private Ryan,1998,https://boxd.it/29ro,4
2025-09-02,T-34,2018,https://boxd.it/ihNY,3.5
2025-09-03,Postmen in the Mountains,1999,https://boxd.it/3FLM,5
2025-09-04,Dazed and Confused,1993,https://boxd.it/1Ylk,3
2025-09-04,The Thing,1982,https://boxd.it/294O,2
2025-09-06,Gulaal,2009,https://boxd.it/1BAw,2
2025-09-09,Climax,2018,https://boxd.it/ikvo,2
2025-09-11,Maqbool,2003,https://boxd.it/1CbM,4
2025-09-12,The Disciple,2020,https://boxd.it/riwi,4.5
2025-09-13,Salaam Bombay!,1988,https://boxd.it/Qhi,4
2025-09-19,Moonrise Kingdom,2012,https://boxd.it/2Wng,4.5
2025-09-27,Raanjhanaa,2013,https://boxd.it/5M1U,2
2025-10-14,Drive My Car,2021,https://boxd.it/sv94,3
2025-10-26,Robot Dreams,2023,https://boxd.it/vBZm,4
2025-10-27,The Hunger Games,2012,https://boxd.it/2uds,3.5
2025-10-27,The Hangover,2009,https://boxd.it/1GjK,4
2025-10-27,The Hangover Part II,2011,https://boxd.it/PZI,4
2025-10-27,The Hangover Part III,2013,https://boxd.it/3GNY,4
2025-10-27,Hotel for Dogs,2009,https://boxd.it/1MEa,4
2025-10-27,Paperman,2012,https://boxd.it/4uYW,4
2025-11-03,Anora,2024,https://boxd.it/Egcw,3.5
2025-11-04,The Hero,1966,https://boxd.it/3MJI,4.5
2025-11-05,Inglourious Basterds,2009,https://boxd.it/1JzG,3.5
2025-11-05,Slumdog Millionaire,2008,https://boxd.it/1S3E,4
2025-11-17,Moneyball,2011,https://boxd.it/glS,4.5
2025-11-27,Midnight in Paris,2011,https://boxd.it/i4a,3
2025-11-28,Lost in Translation,2003,https://boxd.it/2b0E,4
2025-11-28,United 93,2006,https://boxd.it/1XHY,4
2025-12-04,Holy Curse,2024,https://boxd.it/Q7dE,4
2025-12-04,Train Dreams,2025,https://boxd.it/LdDo,4.5
2025-12-05,Homebound,2025,https://boxd.it/KDDs,5
2025-12-09,Bhaag Milkha Bhaag,2013,https://boxd.it/6bqA,4
2025-12-25,Decision to Leave,2022,https://boxd.it/qp9e,4
2025-12-28,It's a Wonderful Life,1946,https://boxd.it/28xA,4
2026-01-01,No Other Choice,2025,https://boxd.it/nKiA,4.5
2026-01-03,Chainsaw Man – The Movie: Reze Arc,2025,https://boxd.it/Kgyu,4.5
2026-01-07,Front of the Class,2008,https://boxd.it/9s8,4
2026-01-09,Lootera,2013,https://boxd.it/69o8,3
2026-01-10,Stranger Things 5: The Finale,2025,https://boxd.it/YqXW,1
2026-01-11,Hacksaw Ridge,2016,https://boxd.it/azew,3.5
2026-01-21,We Made a Beautiful Bouquet,2021,https://boxd.it/pZDC,4
2026-01-21,Close,2022,https://boxd.it/y4qa,3.5
2026-01-28,High and Low,1963,https://boxd.it/1RSc,3.5
2026-01-29,The Worst Person in the World,2021,https://boxd.it/oyws,3
2026-01-30,A Complete Unknown,2024,https://boxd.it/oBYa,2
2026-01-30,Like Grains of Sand,1995,https://boxd.it/1sVU,4
2026-02-02,La Haine,1995,https://boxd.it/2as8,4.5
2026-02-05,Omkara,2006,https://boxd.it/1Ny8,4
2026-02-05,Things to Come,2016,https://boxd.it/d0wc,4
2026-02-15,Anatomy of a Fall,2023,https://boxd.it/yuDE,3.5
2026-02-17,The Man from Earth,2007,https://boxd.it/1Ql2,2
2026-02-20,Sirāt,2025,https://boxd.it/HxJo,3.5
2026-02-21,Marty Supreme,2025,https://boxd.it/Off0,3.5
2026-02-21,Monster,2023,https://boxd.it/DJEM,4.5
2026-02-21,One Battle After Another,2025,https://boxd.it/DUHM,3
2026-03-08,Sinners,2025,https://boxd.it/KQMM,3
2026-03-09,Sound of Metal,2019,https://boxd.it/i7Q4,4.5
2026-03-22,Girls Will Be Girls,2024,https://boxd.it/FVUw,4
2026-03-29,Phantom Thread,2017,https://boxd.it/e4uc,3
2026-04-01,Happyend,2024,https://boxd.it/rnUa,3.5
2026-04-08,Annie Hall,1977,https://boxd.it/29M2,3.5
2026-04-10,Being John Malkovich,1999,https://boxd.it/2ahu,3
2026-04-11,Party,1984,https://boxd.it/4gSA,4
2026-04-13,Joker,2019,https://boxd.it/h4cS,3
2026-04-22,Ferris Bueller's Day Off,1986,https://boxd.it/1YPY,3.5
2026-04-24,The Haunting of Hill House,2018,https://boxd.it/kfJ0,3
2026-05-02,Punch-Drunk Love,2002,https://boxd.it/20E4,4
2026-05-06,Le Bonheur,1965,https://boxd.it/xyk,2
2026-05-12,Manchester by the Sea,2016,https://boxd.it/b2L0,4.5
2026-05-14,Diary of a Wimpy Kid: Rodrick Rules,2011,https://boxd.it/gm2,4
2026-05-18,Dhurandhar The Revenge,2026,https://boxd.it/Z0Uu,0.5
2026-05-18,Midsommar,2019,https://boxd.it/jhxe,2
2026-05-18,Dev.D,2009,https://boxd.it/1L5I,2
2026-05-18,"Three Billboards Outside Ebbing, Missouri",2017,https://boxd.it/ceBS,2
2026-05-18,It Was Just an Accident,2025,https://boxd.it/TX2k,4.5
2026-05-18,Wheel of Fortune and Fantasy,2021,https://boxd.it/tWcm,4
2026-05-18,Nathan for You: Finding Frances,2017,https://boxd.it/hufy,3.5
2026-05-21,Dhurandhar,2025,https://boxd.it/NhCI,2
2026-05-21,F1,2025,https://boxd.it/yjVM,3.5
2026-05-22,Before Midnight,2013,https://boxd.it/4ive,4
2026-06-04,The Batman,2022,https://boxd.it/eDGs,4
2026-06-07,How to Make Millions Before Grandma Dies,2024,https://boxd.it/FLa4,4
2026-06-12,Vinland Saga,2019,https://boxd.it/qdwU,4.5
2026-06-21,Get Out,2017,https://boxd.it/eOCm,4
2026-06-26,Voicemails for Isabelle,2026,https://boxd.it/mJVk,3
2026-06-28,Before Sunrise,1995,https://boxd.it/2bcU,4
2026-07-05,The Banshees of Inisherin,2022,https://boxd.it/p7XS,3
2026-07-22,Main Vaapas Aaunga,2026,https://boxd.it/SXnA,4
2026-07-22,The Odyssey,2026,https://boxd.it/QFQU,3.5
2026-07-23,Oppenheimer,2023,https://boxd.it/wUow,4
2026-07-23,Disclosure Day,2026,https://boxd.it/MDJY,1
2026-07-26,Finding Emily,2026,https://boxd.it/PNes,3
2026-07-26,One Day,2011,https://boxd.it/Asu,2
2026-07-28,Kho Gaye Hum Kahan,2023,https://boxd.it/x1qa,2
2026-07-29,Project Hail Mary,2026,https://boxd.it/pEeQ,4
2026-07-30,A Beautiful Mind,2001,https://boxd.it/2amk,3
2026-07-30,Backrooms,2026,https://boxd.it/EY6W,2
2026-07-30,Obsession,2025,https://boxd.it/PNqo,3
2026-08-02,Atonement,2007,https://boxd.it/24ui,3
2026-08-03,Spider-Man: Brand New Day,2026,https://boxd.it/ACJE,2
2026-08-08,The Shining,1980,https://boxd.it/29Nu,3
2026-08-11,Kaminey,2009,https://boxd.it/1D3u,4.5
2026-08-16,The Master,2012,https://boxd.it/2cBG,4.5
