Date,Name,Year,Letterboxd URI
2022-03-26,One Flew Over the Cuckoo's Nest,1975,https://boxd.it/2aeA
2022-03-26,Whiplash,2014,https://boxd.it/7bQA
2022-03-26,Pulp Fiction,1994,https://boxd.it/29Pq
2022-03-27,Knives Out,2019,https://boxd.it/jWEA
2022-03-27,Boyhood,2014,https://boxd.it/3178
2022-03-27,12 Angry Men,1957,https://boxd.it/2auI
2022-03-27,The Prestige,2006,https://boxd.it/293w
2022-03-27,Inception,2010,https://boxd.it/1skk
2022-03-27,Interstellar,2014,https://boxd.it/4VZ8
2022-03-27,Your Name.,2016,https://boxd.it/cUqs
2022-03-27,2001: A Space Odyssey,1968,https://boxd.it/2bf0
2022-03-27,Her,2013,https://boxd.it/4O24
2022-03-28,Django Unchained,2012,https://boxd.it/2cCk
2022-06-12,The Invitation,2015,https://boxd.it/9OUU
2022-06-12,The Secret Life of Walter Mitty,2013,https://boxd.it/3SWy
2022-06-12,Eternal Sunshine of the Spotless Mind,2004,https://boxd.it/6YK
2022-06-12,Before Sunrise,1995,https://boxd.it/2bcU
2022-10-03,The Yellow Sea,2010,https://boxd.it/2j6q
2022-10-09,Cha Cha Real Smooth,2022,https://boxd.it/uF8E
2022-10-09,The Pianist,2002,https://boxd.it/2aqc
2022-11-11,Life Is Beautiful,1997,https://boxd.it/29Wm
2022-11-16,Call Me by Your Name,2017,https://boxd.it/dYmm
2022-12-03,Whisper of the Heart,1995,https://boxd.it/17uy
2022-12-03,Good Will Hunting,1997,https://boxd.it/2ahY
2022-12-18,The Banshees of Inisherin,2022,https://boxd.it/p7XS
2022-12-18,Columbus,2017,https://boxd.it/eCuA
2022-12-20,Snatch,2000,https://boxd.it/2b7U
2022-12-30,X,2022,https://boxd.it/sxVa
2023-01-04,Hereditary,2018,https://boxd.it/hNVe
2023-01-04,Lights Out,2016,https://boxd.it/bAHc
2023-01-05,No Country for Old Men,2007,https://boxd.it/21ew
2023-01-05,The Perks of Being a Wallflower,2012,https://boxd.it/2ZA8
2023-01-05,The Lighthouse,2019,https://boxd.it/icFU
2023-01-05,American Psycho,2000,https://boxd.it/28Vs
2023-01-05,"The Good, the Bad and the Ugly",1966,https://boxd.it/2ape
2023-01-05,Parasite,2019,https://boxd.it/hTha
2023-01-05,Once Upon a Time... in Hollywood,2019,https://boxd.it/gH0O
2023-01-05,Once Upon a Time in the West,1968,https://boxd.it/2az4
2023-01-05,The Revenant,2015,https://boxd.it/8H5e
2023-01-05,The Godfather,1972,https://boxd.it/2aNK
2023-01-05,The Shining,1980,https://boxd.it/29Nu
2023-01-05,Die Hard,1988,https://boxd.it/2a7u
2023-01-05,Dead Poets Society,1989,https://boxd.it/2aSg
2023-01-05,The Silence of the Lambs,1991,https://boxd.it/2aHW
2023-01-05,The Shawshank Redemption,1994,https://boxd.it/2aHi
2023-01-05,Fight Club,1999,https://boxd.it/2a9q
2023-01-05,Catch Me If You Can,2002,https://boxd.it/29VS
2023-01-05,Mad Max: Fury Road,2015,https://boxd.it/2DjO
2023-01-05,Black Swan,2010,https://boxd.it/Sw0
2023-01-05,The Dark Knight,2008,https://boxd.it/2b0k
2023-01-05,Harry Potter and the Prisoner of Azkaban,2004,https://boxd.it/29Qy
2023-01-05,Rain Man,1988,https://boxd.it/2avw
2023-01-05,Birdman or (The Unexpected Virtue of Ignorance),2014,https://boxd.it/5RFA
2023-01-05,Lost in Translation,2003,https://boxd.it/2b0E
2023-01-05,School of Rock,2003,https://boxd.it/28xK
2023-01-05,Spirited Away,2001,https://boxd.it/2b4m
2023-01-05,The Lord of the Rings: The Return of the King,2003,https://boxd.it/2b5u
2023-01-05,Dunkirk,2017,https://boxd.it/d0Y6
2023-01-05,The Social Network,2010,https://boxd.it/17ue
2023-01-06,1917,2019,https://boxd.it/jj4y
2023-01-12,Inside Llewyn Davis,2013,https://boxd.it/34Ro
2023-02-02,All Quiet on the Western Front,2022,https://boxd.it/H08
2023-02-08,La La Land,2016,https://boxd.it/a5fa
2023-02-09,Fullmetal Alchemist: Brotherhood,2009,https://boxd.it/ptii
2023-02-28,Tenet,2020,https://boxd.it/leq4
2023-03-18,The Truman Show,1998,https://boxd.it/18U8
2023-03-22,The Bridge on the River Kwai,1957,https://boxd.it/29wo
2023-03-24,Memories of Murder,2003,https://boxd.it/1TSo
2023-03-24,Sound of Metal,2019,https://boxd.it/i7Q4
2023-03-25,Zodiac,2007,https://boxd.it/27MO
2023-03-25,Close,2022,https://boxd.it/y4qa
2023-03-27,Life of Pi,2012,https://boxd.it/37pC
2023-03-27,Paprika,2006,https://boxd.it/23wW
2023-03-27,Spider-Man: Into the Spider-Verse,2018,https://boxd.it/azpY
2023-03-27,The Grand Budapest Hotel,2014,https://boxd.it/3ZqO
2023-03-27,A Beautiful Mind,2001,https://boxd.it/2amk
2023-04-04,In the Mood for Love,2000,https://boxd.it/29tE
2023-04-04,The Breakfast Club,1985,https://boxd.it/27q4
2023-04-06,Gladiator,2000,https://boxd.it/2b9m
2023-04-06,5 Centimeters per Second,2007,https://boxd.it/16G4
2023-04-17,Prison 77,2022,https://boxd.it/yq4U
2023-04-18,Chungking Express,1994,https://boxd.it/1UDa
2023-04-26,A Silent Voice: The Movie,2016,https://boxd.it/d99c
2023-04-26,Cowboy Bebop,1998,https://boxd.it/ptES
2023-04-27,Ocean Waves,1993,https://boxd.it/1CtQ
2023-04-29,Suzume,2022,https://boxd.it/yv7Y
2023-04-29,Weathering with You,2019,https://boxd.it/kPxE
2023-05-02,GoodFellas,1990,https://boxd.it/29FA
2023-05-02,Saving Private Ryan,1998,https://boxd.it/29ro
2023-05-02,A Brighter Summer Day,1991,https://boxd.it/1Luy
2023-05-03,Stalker,1979,https://boxd.it/28PO
2023-05-03,Room,2015,https://boxd.it/7T0y
2023-05-05,Mommy,2014,https://boxd.it/7Uau
2023-05-05,Pirates of the Caribbean: The Curse of the Black Pearl,2003,https://boxd.it/70G
2023-05-05,Pirates of the Caribbean: Dead Man's Chest,2006,https://boxd.it/2bfk
2023-05-05,Pirates of the Caribbean: At World's End,2007,https://boxd.it/2aGu
2023-05-06,Before We Go,2014,https://boxd.it/8KRg
2023-05-06,(500) Days of Summer,2009,https://boxd.it/1EmM
2023-05-06,Apocalypto,2006,https://boxd.it/28yy
2023-05-06,Shutter Island,2010,https://boxd.it/1U82
2023-05-06,The Darjeeling Limited,2007,https://boxd.it/24as
2023-05-06,Schindler's List,1993,https://boxd.it/2aq2
2023-05-06,Braveheart,1995,https://boxd.it/2aTI
2023-05-10,Back to the Future,1985,https://boxd.it/2b8e
2023-05-11,Cast Away,2000,https://boxd.it/20i8
2023-05-11,Happy Gilmore,1996,https://boxd.it/1Yey
2023-05-11,The Greatest Game Ever Played,2005,https://boxd.it/1M8I
2023-05-12,Grave of the Fireflies,1988,https://boxd.it/1RUM
2023-05-19,Wheel of Fortune and Fantasy,2021,https://boxd.it/tWcm
2023-05-20,Us and Them,2018,https://boxd.it/ip3a
2023-05-21,Taxi Driver,1976,https://boxd.it/2b8y
2023-05-23,Little Women,2019,https://boxd.it/aSVk
2023-05-23,West Side Story,1961,https://boxd.it/28dK
2023-05-24,Se7en,1995,https://boxd.it/29zs
2023-05-26,Eighth Grade,2018,https://boxd.it/hDMG
2023-05-27,The Matrix,1999,https://boxd.it/2a1m
2023-05-27,Aftersun,2022,https://boxd.it/Arw0
2023-05-29,Inside Out,2015,https://boxd.it/4KHC
2023-05-31,Ratatouille,2007,https://boxd.it/27ww
2023-05-31,A Monster Calls,2016,https://boxd.it/7DjE
2023-05-31,Burning,2018,https://boxd.it/hHUa
2023-05-31,Inglourious Basterds,2009,https://boxd.it/1JzG
2023-05-31,The Last Temptation of Christ,1988,https://boxd.it/1ULe
2023-05-31,Jurassic Park,1993,https://boxd.it/2aA2
2023-06-02,Nightcrawler,2014,https://boxd.it/780m
2023-06-03,Vinland Saga,2019,https://boxd.it/qdwU
2023-06-04,The Lego Batman Movie,2017,https://boxd.it/azp0
2023-06-05,Chernobyl,2019,https://boxd.it/mkbG
2023-06-07,Spider-Man: Across the Spider-Verse,2023,https://boxd.it/kSz4
2023-06-08,Get Out,2017,https://boxd.it/eOCm
2023-06-13,Arrival,2016,https://boxd.it/aNGk
2023-06-21,About Time,2013,https://boxd.it/43bI
2023-06-24,Joker,2019,https://boxd.it/h4cS
2023-06-25,Real Steel,2011,https://boxd.it/147m
2023-06-27,Udaan,2010,https://boxd.it/PPe
2023-07-03,Trapped,2017,https://boxd.it/fj8i
2023-07-03,127 Hours,2010,https://boxd.it/SLa
2023-07-03,The Lunchbox,2013,https://boxd.it/5MOs
2023-07-03,Photograph,2019,https://boxd.it/iE22
2023-07-06,Ford v Ferrari,2019,https://boxd.it/ce74
2023-07-06,Big Hero 6,2014,https://boxd.it/5rje
2023-07-08,Charlie and the Chocolate Factory,2005,https://boxd.it/2b68
2023-07-08,Mean Girls,2004,https://boxd.it/1VNg
2023-07-13,Midnight Runners,2017,https://boxd.it/gaee
2023-07-14,Normal People,2020,https://boxd.it/q2VY
2023-07-18,Like Stars on Earth,2007,https://boxd.it/20SA
2023-07-19,The Adventures of Tintin,2011,https://boxd.it/1Irc
2023-07-19,Rocky,1976,https://boxd.it/28Uk
2023-07-19,Zindagi Na Milegi Dobara,2011,https://boxd.it/efo
2023-07-19,Masaan,2015,https://boxd.it/b6x2
2023-07-19,Isle of Dogs,2018,https://boxd.it/dZrW
2023-07-19,Gone Girl,2014,https://boxd.it/6hQu
2023-07-21,The Wolf of Wall Street,2013,https://boxd.it/3C1m
2023-07-22,Casino Royale,2006,https://boxd.it/1alk
2023-07-24,Rang De Basanti,2006,https://boxd.it/20KG
2023-07-24,I Am 20,1967,https://boxd.it/blG4
2023-07-25,Oppenheimer,2023,https://boxd.it/wUow
2023-07-26,Fantastic Mr. Fox,2009,https://boxd.it/1WyQ
2023-07-26,Samurai Champloo,2004,https://boxd.it/o8go
2023-07-26,Midsommar,2019,https://boxd.it/jhxe
2023-07-27,Asteroid City,2023,https://boxd.it/s3ds
2023-07-27,Before Sunset,2004,https://boxd.it/2bcg
2023-07-28,Little Miss Sunshine,2006,https://boxd.it/29EW
2023-07-29,The Hundred-Foot Journey,2014,https://boxd.it/6JBi
2023-08-01,Diary of a Wimpy Kid: Rodrick Rules,2011,https://boxd.it/gm2
2023-08-03,Waterworld,1995,https://boxd.it/1XLG
2023-08-03,The Dreamers,2003,https://boxd.it/28X4
2023-08-03,The Beautiful Person,2008,https://boxd.it/152W
2023-08-03,"Synecdoche, New York",2008,https://boxd.it/23zw
2023-08-04,10 Things I Hate About You,1999,https://boxd.it/23AO
2023-08-07,Howl's Moving Castle,2004,https://boxd.it/23De
2023-08-07,Ferris Bueller's Day Off,1986,https://boxd.it/1YPY
2023-08-07,The Lion King,1994,https://boxd.it/201Q
2023-08-07,Baby Driver,2017,https://boxd.it/bhF2
2023-08-09,Dororo,2019,https://boxd.it/py3W
2023-08-10,Princess Mononoke,1997,https://boxd.it/2b4w
2023-08-10,Up,2009,https://boxd.it/1OEc
2023-08-10,Popeye the Sailor Meets Sindbad the Sailor,1936,https://boxd.it/2f70
2023-08-10,Like Crazy,2011,https://boxd.it/g4s
2023-08-10,The Godfather Part II,1974,https://boxd.it/2aNq
2023-08-10,The Lord of the Rings: The Fellowship of the Ring,2001,https://boxd.it/2b5O
2023-08-10,The Lord of the Rings: The Two Towers,2002,https://boxd.it/2b5E
2023-08-11,Jaane Bhi Do Yaaro,1983,https://boxd.it/1vHw
2023-08-12,Premium Rush,2012,https://boxd.it/FQw
2023-08-13,The Pursuit of Happyness,2006,https://boxd.it/28PE
2023-08-13,Top Gun,1986,https://boxd.it/29JC
2023-08-14,Band of Brothers,2001,https://boxd.it/aRNY
2023-08-14,The Hurt Locker,2008,https://boxd.it/1Soi
2023-08-14,Panic Room,2002,https://boxd.it/2490
2023-08-14,The Departed,2006,https://boxd.it/28MA
2023-08-14,The Lego Movie,2014,https://boxd.it/4pDO
2023-08-14,Finding Dory,2016,https://boxd.it/4aAA
2023-08-14,Finding Nemo,2003,https://boxd.it/72i
2023-08-16,Titanic,1997,https://boxd.it/2a2k
2023-08-16,Barbarian,2022,https://boxd.it/yohi
2023-08-21,Close-Up,1990,https://boxd.it/1m9q
2023-08-22,Ankhon Dekhi,2013,https://boxd.it/76UC
2023-08-23,Oye Lucky! Lucky Oye!,2008,https://boxd.it/1L62
2023-08-24,The Incredibles,2004,https://boxd.it/1XLm
2023-08-26,Slumdog Millionaire,2008,https://boxd.it/1S3E
2023-08-27,Flavors of Youth,2018,https://boxd.it/iAAa
2023-08-28,Past Lives,2023,https://boxd.it/oNB8
2023-08-28,Million Dollar Arm,2014,https://boxd.it/5Y34
2023-08-28,Special 26,2013,https://boxd.it/59fS
2023-08-30,Where Is the Friend's House?,1987,https://boxd.it/ELg
2023-08-31,Captain Phillips,2013,https://boxd.it/3GPK
2023-09-02,Dou kyu sei – Classmates,2016,https://boxd.it/cW8g
2023-09-05,Scam 1992: The Harshad Mehta Story,2020,https://boxd.it/shWQ
2023-09-08,Warrior,2011,https://boxd.it/i3G
2023-09-30,City Lights,1931,https://boxd.it/29ki
2023-09-30,Modern Times,1936,https://boxd.it/25MC
2023-09-30,The Gold Rush,1925,https://boxd.it/29ce
2023-09-30,Aligarh,2015,https://boxd.it/cRto
2023-10-03,Piku,2015,https://boxd.it/aXUc
2023-10-05,WALL·E,2008,https://boxd.it/1VEo
2023-10-08,Chronicle of an Escape,2006,https://boxd.it/1vDk
2023-10-10,Home Alone,1990,https://boxd.it/29Fg
2023-10-10,Home Alone 2: Lost in New York,1992,https://boxd.it/29F6
2023-10-10,Terminator 2: Judgment Day,1991,https://boxd.it/2aGY
2023-10-11,Hazaaron Khwaishein Aisi,2003,https://boxd.it/1BI6
2023-10-16,Masoom,1983,https://boxd.it/1BRi
2023-10-17,"history of the entire world, i guess",2017,https://boxd.it/rQx0
2023-10-25,Sir,2018,https://boxd.it/iNpa
2023-10-29,Babe,1995,https://boxd.it/1Yh8
2023-11-10,It's Such a Beautiful Day,2012,https://boxd.it/hCY2
2023-11-18,Edward Scissorhands,1990,https://boxd.it/2aZc
2023-11-18,The Great Dictator,1940,https://boxd.it/29ic
2023-11-19,The Man Who Stole the Sun,1979,https://boxd.it/igK
2023-11-25,Enemy at the Gates,2001,https://boxd.it/29s2
2023-11-26,The White Tiger,2021,https://boxd.it/nhg6
2023-11-26,Perfect Blue,1997,https://boxd.it/1W7A
2023-11-27,In Time,2011,https://boxd.it/FPS
2023-11-27,Snowpiercer,2013,https://boxd.it/3Icg
2023-11-27,Coco,2017,https://boxd.it/bYJQ
2023-11-27,The Thin Red Line,1998,https://boxd.it/1ZTM
2023-11-28,Troy,2004,https://boxd.it/29TW
2023-11-28,300,2006,https://boxd.it/28XI
2023-11-28,Blue Valentine,2010,https://boxd.it/MxG
2023-11-28,Drive,2011,https://boxd.it/IG
2023-12-01,Shithouse,2020,https://boxd.it/nCFc
2023-12-02,Midnight Mass,2021,https://boxd.it/wvVA
2023-12-09,The Usual Suspects,1995,https://boxd.it/29XE
2023-12-10,Diary of a Wimpy Kid: Dog Days,2012,https://boxd.it/2TG0
2023-12-10,Cloudy with a Chance of Meatballs,2009,https://boxd.it/1A40
2023-12-11,First Man,2018,https://boxd.it/cPym
2023-12-13,Two,1965,https://boxd.it/5MnG
2023-12-13,The Piano Teacher,2001,https://boxd.it/2886
2023-12-19,Zathura: A Space Adventure,2005,https://boxd.it/21mq
2023-12-19,Chhoti Si Baat,1976,https://boxd.it/2qak
2023-12-20,For a Few Dollars More,1965,https://boxd.it/29eu
2023-12-20,Bodies Bodies Bodies,2022,https://boxd.it/iRcE
2023-12-20,Twilight,2008,https://boxd.it/1Zui
2023-12-20,The Devil Wears Prada,2006,https://boxd.it/2awE
2023-12-21,The 36th Chamber of Shaolin,1978,https://boxd.it/1SXC
2023-12-23,Watching the Detectives,2007,https://boxd.it/1B3i
2023-12-23,Forrest Gump,1994,https://boxd.it/728
2023-12-25,Gravity,2013,https://boxd.it/GZY
2023-12-25,How to Train Your Dragon,2010,https://boxd.it/1WRy
2023-12-26,The Curious Case of Benjamin Button,2008,https://boxd.it/23Fk
2023-12-26,Transformers,2007,https://boxd.it/280c
2023-12-27,"Honey, I Shrunk the Kids",1989,https://boxd.it/1YTw
2023-12-27,Notting Hill,1999,https://boxd.it/2aeK
2023-12-28,The Haunting of Hill House,2018,https://boxd.it/kfJ0
2023-12-29,Big,1988,https://boxd.it/271S
2023-12-29,Antiporno,2016,https://boxd.it/eDjy
2023-12-29,Puma Blue: A Late Night Special,2021,https://boxd.it/vEC6
2023-12-29,VOLCANO,2023,https://boxd.it/I1MW
2023-12-29,Parcels - Live Vol. 1,2020,https://boxd.it/wdAO
2023-12-29,The Imitation Game,2014,https://boxd.it/6aig
2023-12-30,The Good Dinosaur,2015,https://boxd.it/3AD4
2023-12-30,The Croods,2013,https://boxd.it/FRE
2023-12-30,The Queen's Gambit,2020,https://boxd.it/s1Ym
2023-12-30,"Monsters, Inc.",2001,https://boxd.it/2a46
2023-12-30,Dawn of the Planet of the Apes,2014,https://boxd.it/3XyQ
2023-12-30,War for the Planet of the Apes,2017,https://boxd.it/8FE2
2023-12-31,Titli,2014,https://boxd.it/7WnK
2023-12-31,And What Is the Summer Saying?,2018,https://boxd.it/ifL2
2023-12-31,"Watermelon, Fish and Half Ghost",2014,https://boxd.it/mReS
2023-12-31,The Last Mango Before the Monsoon,2015,https://boxd.it/bjNi
2023-12-31,Afternoon Clouds,2017,https://boxd.it/gxxS
2023-12-31,In the Name of God,1992,https://boxd.it/7J8M
2024-01-02,Hacksaw Ridge,2016,https://boxd.it/azew
2024-01-02,Tennis Ball on His Day Off,2022,https://boxd.it/zeke
2024-01-02,E.T. the Extra-Terrestrial,1982,https://boxd.it/2a1G
2024-01-02,Bohemian Rhapsody,2018,https://boxd.it/f1TK
2024-01-03,Munich,2005,https://boxd.it/2a0e
2024-01-03,Haider,2014,https://boxd.it/8E5A
2024-01-03,Squid Game,2021,https://boxd.it/x1OG
2024-01-03,The Hunger Games,2012,https://boxd.it/2uds
2024-01-03,Divergent,2014,https://boxd.it/4VT0
2024-01-03,The Hunger Games: Catching Fire,2013,https://boxd.it/3sAw
2024-01-03,The Maze Runner,2014,https://boxd.it/5YPM
2024-01-03,Maze Runner: The Scorch Trials,2015,https://boxd.it/9hwA
2024-01-03,Maze Runner: The Death Cure,2018,https://boxd.it/bakw
2024-01-03,Bird Box,2018,https://boxd.it/eh1i
2024-01-03,A Quiet Place,2018,https://boxd.it/fVJQ
2024-01-05,Megamind,2010,https://boxd.it/16Sk
2024-01-05,Jennifer's Body,2009,https://boxd.it/1Efw
2024-01-05,Gulmohar,2023,https://boxd.it/AOKk
2024-01-05,To Kill a Mockingbird,1962,https://boxd.it/2a2E
2024-01-05,When Harry Met Sally...,1989,https://boxd.it/29W2
2024-01-05,We Bought a Zoo,2011,https://boxd.it/2AU8
2024-01-05,The Wizard of Oz,1939,https://boxd.it/29Xu
2024-01-05,Spider-Man 2,2004,https://boxd.it/2a88
2024-01-06,Instant Family,2018,https://boxd.it/hHpQ
2024-01-07,Dhobi Ghat,2010,https://boxd.it/tae
2024-01-07,Jumanji,1995,https://boxd.it/1ZLI
2024-01-07,Police Story,1985,https://boxd.it/1Zhe
2024-01-07,Extremely Loud & Incredibly Close,2011,https://boxd.it/Ju
2024-01-07,Rockstar,2011,https://boxd.it/2Lvo
2024-01-08,The Boy in the Striped Pyjamas,2008,https://boxd.it/1NOK
2024-01-08,Crayon Shin-chan: The Storm Called: The Adult Empire Strikes Back,2001,https://boxd.it/18DG
2024-01-10,Cars,2006,https://boxd.it/29ho
2024-01-10,Dersu Uzala,1975,https://boxd.it/1XRO
2024-01-10,Zootopia,2016,https://boxd.it/84xS
2024-01-11,Je Tu Il Elle,1974,https://boxd.it/3gWK
2024-01-11,17 Again,2009,https://boxd.it/1Jnq
2024-01-12,El Camino: A Breaking Bad Movie,2019,https://boxd.it/kv0q
2024-01-15,Train to Busan,2016,https://boxd.it/dSQU
2024-01-15,No Half Measures: Creating the Final Season of Breaking Bad,2013,https://boxd.it/72Yg
2024-01-15,Memory Of Being Here,2014,https://boxd.it/mRey
2024-01-17,Swades,2004,https://boxd.it/1Ly6
2024-01-18,1408,2007,https://boxd.it/25Vu
2024-01-19,Talaash,2012,https://boxd.it/33ae
2024-01-19,Lootera,2013,https://boxd.it/69o8
2024-01-19,English Vinglish,2012,https://boxd.it/3Weq
2024-01-19,Kahaani,2012,https://boxd.it/2UfY
2024-01-19,Andhadhun,2018,https://boxd.it/jtfc
2024-01-20,Qala,2022,https://boxd.it/zdTi
2024-01-20,Ip Man,2008,https://boxd.it/1NrQ
2024-01-20,Ip Man 2,2010,https://boxd.it/18gs
2024-01-20,The Shape of Water,2017,https://boxd.it/dZ5m
2024-01-20,Chak De! India,2007,https://boxd.it/1ODI
2024-01-20,Rock On!!,2008,https://boxd.it/1EHK
2024-01-20,Gangs of Wasseypur – Part 1,2012,https://boxd.it/3UHK
2024-01-20,Gangs of Wasseypur – Part 2,2012,https://boxd.it/497i
2024-01-21,Baadshah,1999,https://boxd.it/Yf0
2024-01-23,It,2017,https://boxd.it/bC8e
2024-01-25,Spider-Man: No Way Home,2021,https://boxd.it/nwRw
2024-01-25,Spider-Man: Homecoming,2017,https://boxd.it/aboM
2024-01-25,Highway,2014,https://boxd.it/7pEy
2024-01-27,Jab We Met,2007,https://boxd.it/1T2W
2024-01-27,Avengers: Endgame,2019,https://boxd.it/9vE4
2024-01-27,The Avengers,2012,https://boxd.it/1xFW
2024-01-27,Wake Up Sid,2009,https://boxd.it/1C8e
2024-01-27,Sherlock Jr.,1924,https://boxd.it/298m
2024-01-28,Life in a Metro,2007,https://boxd.it/1DoW
2024-01-30,Stop Making Sense,1984,https://boxd.it/1ygo
2024-01-31,Joe Pera Talks You to Sleep,2016,https://boxd.it/et36
2024-01-31,Lucky Three: An Elliott Smith Portrait,1997,https://boxd.it/4BuO
2024-01-31,The Web,2013,https://boxd.it/cjy0
2024-01-31,The Girl Chewing Gum,1976,https://boxd.it/FWY
2024-01-31,Ice Merchants,2022,https://boxd.it/Arx8
2024-01-31,Junun,2015,https://boxd.it/c0fo
2024-03-02,Ship of Theseus,2012,https://boxd.it/4c5O
2024-03-02,Gol Maal,1979,https://boxd.it/1m2k
2024-05-28,Ping Pong the Animation,2014,https://boxd.it/oL1s
2025-01-24,Trijya - Radius,2019,https://boxd.it/oedq
2025-01-25,Court,2014,https://boxd.it/96Fm
2025-01-25,The Worst Person in the World,2021,https://boxd.it/oyws
2025-01-25,Anora,2024,https://boxd.it/Egcw
2025-01-25,Lady Bird,2017,https://boxd.it/dGNE
2025-01-27,HAIKYU!! The Dumpster Battle,2024,https://boxd.it/Cgri
2025-01-28,One Fine Spring Day,2001,https://boxd.it/3jFC
2025-01-28,"The French Dispatch of the Liberty, Kansas Evening Sun",2021,https://boxd.it/jLP8
2025-01-28,Hotel Chevalier,2007,https://boxd.it/21Ic
2025-01-28,The Wonderful Story of Henry Sugar,2023,https://boxd.it/yNyo
2025-01-28,House of Hummingbird,2018,https://boxd.it/jZ8C
2025-01-29,Swing Girls,2004,https://boxd.it/1ag0
2025-01-29,I Saw the TV Glow,2024,https://boxd.it/woVe
2025-01-29,The First Slam Dunk,2022,https://boxd.it/tt94
2025-01-29,All of Us Strangers,2023,https://boxd.it/Bz3C
2025-01-30,Mulholland Drive,2001,https://boxd.it/297o
2025-01-30,Dil Chahta Hai,2001,https://boxd.it/1Nsk
2025-01-30,A Gentle Breeze in the Village,2007,https://boxd.it/2Vdk
2025-01-30,The 400 Blows,1959,https://boxd.it/2b1C
2025-01-30,Portrait of a Lady on Fire,2019,https://boxd.it/jkPq
2025-01-30,The Holdovers,2023,https://boxd.it/vHza
2025-01-30,The Tree of Life,2011,https://boxd.it/1Zu8
2025-01-31,Yi Yi,2000,https://boxd.it/1vCw
2025-01-31,Fallen Angels,1995,https://boxd.it/1UkW
2025-01-31,Tampopo,1985,https://boxd.it/1SZe
2025-02-01,Ocean's Eleven,2001,https://boxd.it/2aZm
2025-02-01,Speed,1994,https://boxd.it/28qk
2025-02-01,Asako I & II,2018,https://boxd.it/hyNk
2025-02-01,Return to Seoul,2022,https://boxd.it/zXDg
2025-02-01,Something in the Rain,2018,https://boxd.it/uSIq
2025-02-01,Harry Potter and the Goblet of Fire,2005,https://boxd.it/29Qo
2025-02-01,Harry Potter and the Philosopher's Stone,2001,https://boxd.it/29QS
2025-02-01,Harry Potter and the Chamber of Secrets,2002,https://boxd.it/29QI
2025-02-01,Harry Potter and the Deathly Hallows: Part 2,2011,https://boxd.it/1RYk
2025-02-01,Harry Potter and the Order of the Phoenix,2007,https://boxd.it/29Qe
2025-02-01,Harry Potter and the Half-Blood Prince,2009,https://boxd.it/29FU
2025-02-01,Percy Jackson & the Olympians: The Lightning Thief,2010,https://boxd.it/1gJi
2025-02-01,Percy Jackson: Sea of Monsters,2013,https://boxd.it/2D8m
2025-02-01,Pirates of the Caribbean: On Stranger Tides,2011,https://boxd.it/27Z4
2025-02-01,Pirates of the Caribbean: Dead Men Tell No Tales,2017,https://boxd.it/5a9m
2025-02-01,The Theory of Everything,2014,https://boxd.it/7YtA
2025-02-01,Paddington,2014,https://boxd.it/3RKw
2025-02-01,The BFG,2016,https://boxd.it/81cs
2025-02-01,How to Train Your Dragon: The Hidden World,2019,https://boxd.it/5a9w
2025-02-01,How to Train Your Dragon 2,2014,https://boxd.it/2TRW
2025-02-01,Toy Story 3,2010,https://boxd.it/1WRe
2025-02-01,Toy Story,1995,https://boxd.it/29qA
2025-02-01,Toy Story 4,2019,https://boxd.it/9ALu
2025-02-01,Frozen,2013,https://boxd.it/3GNa
2025-02-02,Three of Us,2022,https://boxd.it/DQmq
2025-02-02,Newton,2017,https://boxd.it/fBbO
2025-02-02,Khosla Ka Ghosla!,2006,https://boxd.it/1Mie
2025-02-02,Andaz Apna Apna,1994,https://boxd.it/l4C
2025-02-02,Pyaasa,1957,https://boxd.it/10iq
2025-02-02,Look Back,2024,https://boxd.it/LjA6
2025-02-02,Kikujiro,1999,https://boxd.it/24xc
2025-02-02,A Scene at the Sea,1991,https://boxd.it/1z10
2025-02-04,Moneyball,2011,https://boxd.it/glS
2025-02-05,Reality Bites,1994,https://boxd.it/26iI
2025-02-05,Moon Knight,2022,https://boxd.it/zeDq
2025-02-05,Monty Python and the Holy Grail,1975,https://boxd.it/29GI
2025-02-05,The Conjuring,2013,https://boxd.it/4sr2
2025-02-05,Insidious,2010,https://boxd.it/H4k
2025-02-05,Smile,2022,https://boxd.it/xjfE
2025-02-05,Sinister,2012,https://boxd.it/2TnW
2025-02-05,RRR,2022,https://boxd.it/ljDs
2025-02-05,Aśoka,2001,https://boxd.it/24m4
2025-02-06,Harakiri,1962,https://boxd.it/1NTU
2025-02-07,We Live in Time,2024,https://boxd.it/FC5u
2025-02-07,The Graduate,1967,https://boxd.it/18Im
2025-02-07,Perfect Days,2023,https://boxd.it/ATh8
2025-02-08,The Thing,1982,https://boxd.it/294O
2025-02-09,There Will Be Blood,2007,https://boxd.it/20Z2
2025-02-09,Prisoners,2013,https://boxd.it/4E5i
2025-02-10,Priscilla,2023,https://boxd.it/Cz3k
2025-02-13,First Blood,1982,https://boxd.it/28U0
2025-02-14,All About Lily Chou-Chou,2001,https://boxd.it/1JP0
2025-02-14,Good Morning,1959,https://boxd.it/2lkk
2025-02-19,3-Iron,2004,https://boxd.it/28WK
2025-02-20,The Brutalist,2024,https://boxd.it/k4BO
2025-02-21,A Summer's Tale,1996,https://boxd.it/183e
2025-02-22,Punch-Drunk Love,2002,https://boxd.it/20E4
2025-02-22,Three Colours: Red,1994,https://boxd.it/2b7q
2025-02-22,Three Colours: Blue,1993,https://boxd.it/2b7K
2025-02-22,Three Colours: White,1994,https://boxd.it/2b7A
2025-02-22,Death Note,2006,https://boxd.it/psEs
2025-02-22,Gifted,2017,https://boxd.it/e5dG
2025-02-22,Satya,1998,https://boxd.it/1BNq
2025-02-22,Explorer,1968,https://boxd.it/iuRE
2025-02-22,Pather Panchali,1955,https://boxd.it/22yC
2025-02-23,Avatar,2009,https://boxd.it/1Efm
2025-02-23,Ant-Man,2015,https://boxd.it/3vmW
2025-02-23,Doctor Strange,2016,https://boxd.it/8MH8
2025-02-23,Black Panther,2018,https://boxd.it/8MHs
2025-02-23,Deadpool,2016,https://boxd.it/9fOC
2025-02-23,Monsoon Wedding,2001,https://boxd.it/2aiM
2025-02-23,Dilwale Dulhania Le Jayenge,1995,https://boxd.it/1F9k
2025-02-23,Mirage,2022,https://boxd.it/JeeK
2025-02-23,Anand,1971,https://boxd.it/1uhM
2025-02-23,Elysium,2013,https://boxd.it/2cBm
2025-02-23,All Too Well: The Short Film,2021,https://boxd.it/xTmc
2025-02-23,My Liberation Notes,2022,https://boxd.it/Baf4
2025-02-23,Babygirl,2024,https://boxd.it/Fvai
2025-02-23,K.G.F: Chapter 1,2018,https://boxd.it/kGf2
2025-02-23,Juice,2017,https://boxd.it/hTsi
2025-02-23,Supermen of Malegaon,2008,https://boxd.it/3PZa
2025-02-23,First Love,2022,https://boxd.it/DXyS
2025-02-23,Green Chair,2005,https://boxd.it/1m5I
2025-02-23,John Wick,2014,https://boxd.it/7dEc
2025-02-23,The Notebook,2004,https://boxd.it/1UNE
2025-02-23,The Fault in Our Stars,2014,https://boxd.it/6BQa
2025-02-24,Gran Turismo,2023,https://boxd.it/B2lS
2025-02-25,Kapoor & Sons,2016,https://boxd.it/cZDm
2025-02-25,Kal Ho Naa Ho,2003,https://boxd.it/24By
2025-02-25,October,2018,https://boxd.it/hUvi
2025-02-27,Dil Dhadakne Do,2015,https://boxd.it/bdZC
2025-02-27,The Black Island,1991,https://boxd.it/fGqa
2025-02-27,BLUE LOCK,2022,https://boxd.it/HY2m
2025-02-27,One Punch Man: Road to Hero,2015,https://boxd.it/cQIs
2025-02-28,A Night of Knowing Nothing,2021,https://boxd.it/vBUw
2025-02-28,The Terminator,1984,https://boxd.it/2aQY
2025-02-28,Challengers,2024,https://boxd.it/zld0
2025-02-28,Dostojee,2022,https://boxd.it/wUmU
2025-02-28,The Boy and the Heron,2023,https://boxd.it/ipeM
2025-02-28,Man of Steel,2013,https://boxd.it/FRk
2025-02-28,Palm Springs,2020,https://boxd.it/lCXQ
2025-03-01,Haru,1996,https://boxd.it/7Lo8
2025-03-01,Decision to Leave,2022,https://boxd.it/qp9e
2025-03-01,My Neighbor Totoro,1988,https://boxd.it/20eA
2025-03-01,Delhi Belly,2011,https://boxd.it/2gEk
2025-03-01,SoulMate,2016,https://boxd.it/eJXY
2025-03-01,Soulmate,2023,https://boxd.it/mQQQ
2025-03-02,Megalopolis,2024,https://boxd.it/lPBS
2025-03-02,Whiplash,2013,https://boxd.it/cJds
2025-03-02,Rise of the Planet of the Apes,2011,https://boxd.it/cS4
2025-03-02,Aparajito,1956,https://boxd.it/29kW
2025-03-02,Apur Sansar,1959,https://boxd.it/29l6
2025-03-02,Killa,2014,https://boxd.it/8OjW
2025-03-02,Violet Evergarden,2018,https://boxd.it/px3Q
2025-03-02,Demon Slayer -Kimetsu no Yaiba- The Movie: Mugen Train,2020,https://boxd.it/nyLU
2025-03-03,The Life Aquatic with Steve Zissou,2004,https://boxd.it/2aqw
2025-03-03,The Royal Tenenbaums,2001,https://boxd.it/1YHU
2025-03-04,Moonrise Kingdom,2012,https://boxd.it/2Wng
2025-03-04,Blue Is the Warmest Color,2013,https://boxd.it/4O40
2025-03-04,Iron Man,2008,https://boxd.it/28dA
2025-03-04,Guardians of the Galaxy,2014,https://boxd.it/3VH2
2025-03-04,Captain Marvel,2019,https://boxd.it/9vSA
2025-03-04,Thor: Ragnarok,2017,https://boxd.it/8MHi
2025-03-04,Iron Man 2,2010,https://boxd.it/1WZM
2025-03-04,Iron Man 3,2013,https://boxd.it/2cBQ
2025-03-04,Spider-Man,2002,https://boxd.it/2a8i
2025-03-04,The Amazing Spider-Man,2012,https://boxd.it/27PI
2025-03-04,The Amazing Spider-Man 2,2014,https://boxd.it/3utM
2025-03-04,Spider-Man: Far From Home,2019,https://boxd.it/fegG
2025-03-04,Spider-Man 3,2007,https://boxd.it/2a7Y
2025-03-04,Justice League,2017,https://boxd.it/4w68
2025-03-04,Prince of Persia: The Sands of Time,2010,https://boxd.it/1YpQ
2025-03-04,Robot Dreams,2023,https://boxd.it/vBZm
2025-03-04,La Haine,1995,https://boxd.it/2as8
2025-03-04,Chillar Party,2011,https://boxd.it/2uQa
2025-03-04,Queen,2013,https://boxd.it/7gjQ
2025-03-04,Diary of a Wimpy Kid,2010,https://boxd.it/1fUa
2025-03-04,The Handmaiden,2016,https://boxd.it/948A
2025-03-05,How to Make Millions Before Grandma Dies,2024,https://boxd.it/FLa4
2025-03-05,The Martian,2015,https://boxd.it/8SeG
2025-03-05,Rushmore,1998,https://boxd.it/1TAO
2025-03-06,Tangled,2010,https://boxd.it/15gO
2025-03-07,Night at the Museum,2006,https://boxd.it/28wi
2025-03-07,Night at the Museum: Battle of the Smithsonian,2009,https://boxd.it/1H7U
2025-03-07,Vanilla Sky,2001,https://boxd.it/27TK
2025-03-07,Paddington 2,2017,https://boxd.it/bCF8
2025-03-08,The Book Thief,2013,https://boxd.it/67wO
2025-03-08,Kaminey,2009,https://boxd.it/1D3u
2025-03-09,Maqbool,2003,https://boxd.it/1CbM
2025-03-09,The Tatami Galaxy,2010,https://boxd.it/oL50
2025-03-09,Beau Travail,1999,https://boxd.it/1NI8
2025-03-10,Babylon,2022,https://boxd.it/mM02
2025-03-10,3 Idiots,2009,https://boxd.it/1Dsa
2025-03-10,JUJUTSU KAISEN,2020,https://boxd.it/sOve
2025-03-10,Demon Slayer: Kimetsu no Yaiba,2019,https://boxd.it/pKsE
2025-03-11,Five Feet Apart,2019,https://boxd.it/jaAK
2025-03-12,We Made a Beautiful Bouquet,2021,https://boxd.it/pZDC
2025-03-12,Scott Pilgrim vs. the World,2010,https://boxd.it/1Aq6
2025-03-12,Free Guy,2021,https://boxd.it/k8dm
2025-03-12,Jumanji: Welcome to the Jungle,2017,https://boxd.it/bUeE
2025-03-12,Journey to the Center of the Earth,2008,https://boxd.it/38EI
2025-03-12,Jurassic World,2015,https://boxd.it/4n0g
2025-03-14,Tower of God,2020,https://boxd.it/qYV8
2025-03-14,Class,2023,https://boxd.it/F6hI
2025-03-22,The Kite Runner,2007,https://boxd.it/20IK
2025-03-29,AnoHana: The Flower We Saw That Day,2011,https://boxd.it/py2Y
2025-03-29,One Crazy Summer: A Look Back at Gravity Falls,2018,https://boxd.it/jk4Y
2025-04-21,All India Rank,2023,https://boxd.it/EgQm
2025-04-21,Blade Runner 2049,2017,https://boxd.it/b8wK
2025-04-21,Adolescence,2025,https://boxd.it/TFGw
2025-04-21,Kung Fu Panda,2008,https://boxd.it/1Yws
2025-04-22,Dennis the Menace,1993,https://boxd.it/1SrQ
2025-04-24,Moonlight,2016,https://boxd.it/d6bE
2025-04-25,The Book of Life,2014,https://boxd.it/6JKY
2025-04-29,Steins;Gate,2011,https://boxd.it/psNE
2025-05-14,Love Letter,1995,https://boxd.it/LMA
2025-05-15,Vertigo,1958,https://boxd.it/2apI
2025-05-18,Mirza Ghalib,1988,https://boxd.it/Yx40
2025-05-18,Monkey Man,2024,https://boxd.it/kvsO
2025-05-20,Emilie Muller,1993,https://boxd.it/ewEO
2025-05-20,Ijaazat,1987,https://boxd.it/3VqK
2025-05-20,The Hero,1966,https://boxd.it/3MJI
2025-05-20,Charulata,1964,https://boxd.it/1bVy
2025-05-21,The Big City,1963,https://boxd.it/fI2
2025-05-21,"Three Billboards Outside Ebbing, Missouri",2017,https://boxd.it/ceBS
2025-05-23,Superboys of Malegaon,2024,https://boxd.it/KyOU
2025-05-26,Lion,2016,https://boxd.it/b2La
2025-05-29,Minari,2020,https://boxd.it/mL9M
2025-05-30,Dev.D,2009,https://boxd.it/1L5I
2025-05-30,101 Dalmatians,1996,https://boxd.it/1TgO
2025-06-01,Baby's Day Out,1994,https://boxd.it/1Ume
2025-06-01,Doraemon: Nobita's Three Visionary Swordsmen,1994,https://boxd.it/52H6
2025-06-04,Chhota Bheem and Krishna: Mayanagari,2011,https://boxd.it/6tQw
2025-06-04,Bajirao Mastani,2015,https://boxd.it/ck2O
2025-06-04,Jodhaa Akbar,2008,https://boxd.it/1OOw
2025-06-04,Padmaavat,2018,https://boxd.it/fkVq
2025-06-04,Laal Singh Chaddha,2022,https://boxd.it/mbVK
2025-06-04,Mohenjo Daro,2016,https://boxd.it/e9xA
2025-06-07,Pulse,2001,https://boxd.it/1s3y
2025-06-07,Bridge of Spies,2015,https://boxd.it/9n9C
2025-06-07,Mission: Impossible – Ghost Protocol,2011,https://boxd.it/psI
2025-06-07,Mission: Impossible,1996,https://boxd.it/29d2
2025-06-07,Mission: Impossible III,2006,https://boxd.it/29cI
2025-06-07,Mission: Impossible – Rogue Nation,2015,https://boxd.it/5rI4
2025-06-07,The Italian Job,2003,https://boxd.it/1Y86
2025-06-09,The Green Mile,1999,https://boxd.it/2agG
2025-06-09,Begin Again,2013,https://boxd.it/5Ybs
2025-06-09,Stuart Little,1999,https://boxd.it/1WZW
2025-06-09,Stuart Little 2,2002,https://boxd.it/1UTW
2025-06-09,Ice Age,2002,https://boxd.it/2apS
2025-06-09,Ice Age: The Meltdown,2006,https://boxd.it/2wRk
2025-06-09,Ice Age: Dawn of the Dinosaurs,2009,https://boxd.it/20iC
2025-06-09,Ice Age: Continental Drift,2012,https://boxd.it/lQ2
2025-06-09,Ice Age: Collision Course,2016,https://boxd.it/8upq
2025-06-09,The Ice Age Adventures of Buck Wild,2022,https://boxd.it/t7Ou
2025-06-09,Sinners,2025,https://boxd.it/KQMM
2025-06-10,The Taste of Tea,2004,https://boxd.it/1Mse
2025-06-18,Om Shanti Om,2007,https://boxd.it/20zy
2025-06-18,The Greatest Showman,2017,https://boxd.it/acjI
2025-06-18,La Chimera,2023,https://boxd.it/vzVi
2025-06-19,The Disciple,2020,https://boxd.it/riwi
2025-06-20,Materialists,2025,https://boxd.it/GZlW
2025-06-20,The Jungle Book,2016,https://boxd.it/8wjk
2025-06-20,Raincoat,2004,https://boxd.it/ZPe
2025-06-20,Ran,1985,https://boxd.it/1Tlu
2025-06-21,Dear Zachary: A Letter to a Son About His Father,2008,https://boxd.it/1LW8
2025-06-22,Mission: Impossible – Fallout,2018,https://boxd.it/bSVc
2025-06-23,My Name Is Khan,2010,https://boxd.it/1uD4
2025-06-23,Donnie Darko,2001,https://boxd.it/2b2A
2025-06-23,Ghajini,2008,https://boxd.it/1OP0
2025-06-24,Memento,2000,https://boxd.it/2bcK
2025-07-03,F1,2025,https://boxd.it/yjVM
2025-07-03,Mangal Pandey - The Rising,2005,https://boxd.it/1Doi
2025-07-03,Lakshya,2004,https://boxd.it/1Ckk
2025-07-03,Barfi!,2012,https://boxd.it/4aL4
2025-07-04,Madagascar,2005,https://boxd.it/29dc
2025-07-04,Madagascar: Escape 2 Africa,2008,https://boxd.it/1W2K
2025-07-04,Madagascar 3: Europe's Most Wanted,2012,https://boxd.it/2NF6
2025-07-04,Penguins of Madagascar,2014,https://boxd.it/89tc
2025-07-04,Despicable Me 2,2013,https://boxd.it/3gg0
2025-07-04,Despicable Me,2010,https://boxd.it/1DD8
2025-07-04,Despicable Me 3,2017,https://boxd.it/azpu
2025-07-04,Seven Pounds,2008,https://boxd.it/1U8w
2025-07-04,Men in Black,1997,https://boxd.it/2a0I
2025-07-04,X-Men: Days of Future Past,2014,https://boxd.it/4aRw
2025-07-04,X-Men: First Class,2011,https://boxd.it/FOA
2025-07-04,X-Men,2000,https://boxd.it/1a7s
2025-07-04,X-Men: Apocalypse,2016,https://boxd.it/7eJi
2025-07-04,X2,2003,https://boxd.it/1a7i
2025-07-04,X-Men: The Last Stand,2006,https://boxd.it/1a5Q
2025-07-04,Zack Snyder's Justice League,2021,https://boxd.it/tLOk
2025-07-04,X-Men Origins: Wolverine,2009,https://boxd.it/27ug
2025-07-06,Grown Ups,2010,https://boxd.it/169a
2025-07-06,Lagaan: Once Upon a Time in India,2001,https://boxd.it/1EII
2025-07-06,Bhaag Milkha Bhaag,2013,https://boxd.it/6bqA
2025-07-06,PK,2014,https://boxd.it/9q1G
2025-07-06,Gandhi,1982,https://boxd.it/29Dk
2025-07-06,Dangal,2016,https://boxd.it/chfU
2025-07-06,Yeh Jawaani Hai Deewani,2013,https://boxd.it/5Cmo
2025-07-06,Bāhubali: The Beginning,2015,https://boxd.it/7y2y
2025-07-06,Sholay,1975,https://boxd.it/1Saq
2025-07-06,Rab Ne Bana Di Jodi,2008,https://boxd.it/1OOG
2025-07-06,Drishyam,2015,https://boxd.it/bQgm
2025-07-06,Dear Zindagi,2016,https://boxd.it/eAiM
2025-07-06,Student Of The Year,2012,https://boxd.it/4rkY
2025-07-06,Madgaon Express,2024,https://boxd.it/JzcA
2025-07-06,83,2021,https://boxd.it/mbBg
2025-07-06,Ludo,2020,https://boxd.it/ou2o
2025-07-06,Lost Ladies,2023,https://boxd.it/I0mS
2025-07-06,The Apartment,1960,https://boxd.it/2aGE
2025-07-06,Malena,2000,https://boxd.it/1Vc0
2025-07-07,Kabhi Khushi Kabhie Gham,2001,https://boxd.it/1Vtg
2025-07-07,Kuch Kuch Hota Hai,1998,https://boxd.it/1SVG
2025-07-08,The Exorcist,1973,https://boxd.it/1Yoo
2025-07-09,Karthik Calling Karthik,2010,https://boxd.it/1djw
2025-07-09,Weak Hero,2022,https://boxd.it/DLVq
2025-07-09,Jaane Tu... Ya Jaane Na,2008,https://boxd.it/1O2i
2025-07-09,Bajrangi Bhaijaan,2015,https://boxd.it/bIbo
2025-07-10,Step Up,2006,https://boxd.it/1XS8
2025-07-10,Step Up 2: The Streets,2008,https://boxd.it/20mk
2025-07-10,Step Up 3D,2010,https://boxd.it/ZS8
2025-07-10,Step Up Revolution,2012,https://boxd.it/31yo
2025-07-10,Step Up All In,2014,https://boxd.it/79Wc
2025-07-10,Into the Storm,2014,https://boxd.it/6r3W
2025-07-10,Captain America: Civil War,2016,https://boxd.it/89Ja
2025-07-10,Captain America: The Winter Soldier,2014,https://boxd.it/3r58
2025-07-10,Captain America: The First Avenger,2011,https://boxd.it/28b0
2025-07-10,Avengers: Age of Ultron,2015,https://boxd.it/3qi6
2025-07-11,Mohabbatein,2000,https://boxd.it/1TFa
2025-07-11,Allegiant,2016,https://boxd.it/7NNE
2025-07-11,"Love, Simon",2018,https://boxd.it/g02s
2025-07-11,Things to Come,2016,https://boxd.it/d0wc
2025-07-11,Bhool Bhulaiyaa,2007,https://boxd.it/1FQI
2025-07-11,Malamaal Weekly,2006,https://boxd.it/1DoC
2025-07-11,Tanu Weds Manu,2011,https://boxd.it/kDc
2025-07-11,Tanu Weds Manu: Returns,2015,https://boxd.it/b8Tu
2025-07-11,Hera Pheri,2000,https://boxd.it/1BBO
2025-07-11,Phir Hera Pheri,2006,https://boxd.it/1DCk
2025-07-11,Chup Chup Ke,2006,https://boxd.it/1ELW
2025-07-11,De Dana Dan,2009,https://boxd.it/1uXI
2025-07-11,Ajab Prem Ki Ghazab Kahani,2009,https://boxd.it/1wUm
2025-07-11,Dabangg,2010,https://boxd.it/RZ6
2025-07-11,Sarfarosh,1999,https://boxd.it/1iUi
2025-07-11,Welcome,2007,https://boxd.it/1DLc
2025-07-11,Khiladi 786,2012,https://boxd.it/4GuE
2025-07-11,Chennai Express,2013,https://boxd.it/69tM
2025-07-11,Gully Boy,2019,https://boxd.it/hHXo
2025-07-11,8 Mile,2002,https://boxd.it/2bew
2025-07-11,2 States,2014,https://boxd.it/7GOK
2025-07-11,Housefull,2010,https://boxd.it/ldO
2025-07-11,Housefull 2,2012,https://boxd.it/2ZZM
2025-07-11,Dhamaal,2007,https://boxd.it/1Dx0
2025-07-11,Main Tera Hero,2014,https://boxd.it/7OMs
2025-07-11,John Wick: Chapter 2,2017,https://boxd.it/ayGu
2025-07-13,Another Round,2020,https://boxd.it/lkba
2025-07-14,Toy Story 2,1999,https://boxd.it/29qq
2025-07-14,The Karate Kid,2010,https://boxd.it/15HA
2025-07-14,A Fistful of Dollars,1964,https://boxd.it/2auo
2025-07-14,Argo,2012,https://boxd.it/2czU
2025-07-20,Con Air,1997,https://boxd.it/28gO
2025-07-22,Shazam! Fury of the Gods,2023,https://boxd.it/lV0S
2025-07-22,Shazam!,2019,https://boxd.it/8WBu
2025-07-22,Thor,2011,https://boxd.it/1WQU
2025-07-25,Drive My Car,2021,https://boxd.it/sv94
2025-07-25,Ted,2012,https://boxd.it/2pgc
2025-07-25,Kesari,2019,https://boxd.it/hZ76
2025-07-25,Queen of Katwe,2016,https://boxd.it/agW0
2025-07-26,Fair Play,2023,https://boxd.it/yirc
2025-07-26,Death Race,2008,https://boxd.it/1W9m
2025-07-26,The Transporter,2002,https://boxd.it/24Nu
2025-07-26,Transporter 2,2005,https://boxd.it/1YWq
2025-07-26,Transporter 3,2008,https://boxd.it/1QhE
2025-07-26,Fast & Furious 6,2013,https://boxd.it/2UG6
2025-07-26,The Fast and the Furious,2001,https://boxd.it/1XMu
2025-07-26,The Fast and the Furious: Tokyo Drift,2006,https://boxd.it/1Yeo
2025-07-26,2 Fast 2 Furious,2003,https://boxd.it/2a4g
2025-07-26,Fast Five,2011,https://boxd.it/BgO
2025-07-26,Furious 7,2015,https://boxd.it/5cVs
2025-07-26,Oldboy,2003,https://boxd.it/29R2
2025-07-28,The Internship,2013,https://boxd.it/3SWS
2025-07-30,Party,1984,https://boxd.it/4gSA
2025-07-30,Mimi,2021,https://boxd.it/oiCE
2025-07-31,The Circus,1928,https://boxd.it/1orm
2025-07-31,His New Job,1915,https://boxd.it/wEG
2025-07-31,Before Midnight,2013,https://boxd.it/4ive
2025-07-31,M.S. Dhoni: The Untold Story,2016,https://boxd.it/dyem
2025-07-31,Sachin: A Billion Dreams,2017,https://boxd.it/e6LE
2025-08-03,Mrs. Doubtfire,1993,https://boxd.it/29Cw
2025-08-04,The Sun Is Also a Star,2019,https://boxd.it/ioSG
2025-08-08,Ittefaq,1969,https://boxd.it/5aOY
2025-08-10,Sleeping Beauty,1959,https://boxd.it/1V9A
2025-08-10,Snow White and the Seven Dwarfs,1937,https://boxd.it/2arO
2025-08-10,Beauty and the Beast,1991,https://boxd.it/1XhG
2025-08-10,Mary Poppins Returns,2018,https://boxd.it/e4nU
2025-08-10,Moana,2016,https://boxd.it/8tfY
2025-08-10,Kung Fu Panda 4,2024,https://boxd.it/CepE
2025-08-10,Kung Fu Panda 2,2011,https://boxd.it/G36
2025-08-10,Kung Fu Panda 3,2016,https://boxd.it/4uRQ
2025-08-11,Final Destination,2000,https://boxd.it/1YrC
2025-08-11,Final Destination 2,2003,https://boxd.it/1YSS
2025-08-11,Final Destination 3,2006,https://boxd.it/1Z40
2025-08-11,Final Destination 5,2011,https://boxd.it/r1k
2025-08-11,The Final Destination,2009,https://boxd.it/1EmW
2025-08-11,It's a Wonderful Life,1946,https://boxd.it/28xA
2025-08-11,Y Tu Mamá También,2001,https://boxd.it/28QM
2025-08-15,The Garden of Words,2013,https://boxd.it/5Ymq
2025-08-15,"Comrades, Almost a Love Story",1996,https://boxd.it/18QU
2025-08-15,Snack Shack,2024,https://boxd.it/DeKu
2025-08-16,The Girl Next Door,2004,https://boxd.it/1VSq
2025-08-16,Fifty Shades of Grey,2015,https://boxd.it/6qLo
2025-08-16,Love,2015,https://boxd.it/9brE
2025-08-17,Mary Kom,2014,https://boxd.it/8Nbi
2025-08-17,Kai Po Che!,2013,https://boxd.it/5cWU
2025-08-18,Ishqiya,2010,https://boxd.it/1fgu
2025-08-18,Raanjhanaa,2013,https://boxd.it/5M1U
2025-08-18,Kedarnath,2018,https://boxd.it/gG1w
2025-08-18,Love Aaj Kal,2009,https://boxd.it/1EJc
2025-08-18,Jab Tak Hai Jaan,2012,https://boxd.it/4iiu
2025-08-18,Krrish 3,2013,https://boxd.it/68tm
2025-08-18,Krrish,2006,https://boxd.it/1gCw
2025-08-18,Koi... Mil Gaya,2003,https://boxd.it/1vFg
2025-08-18,Dhadak 2,2025,https://boxd.it/K3Nw
2025-08-19,Bang Bang!,2014,https://boxd.it/8Lsw
2025-08-19,Don,2006,https://boxd.it/1IAI
2025-08-19,Everything Everywhere All at Once,2022,https://boxd.it/jUk4
2025-08-20,Battle Royale,2000,https://boxd.it/25zS
2025-08-20,Rogan Josh,2018,https://boxd.it/lk5Q
2025-08-20,Lights Out,2013,https://boxd.it/7GU4
2025-08-21,Annie Hall,1977,https://boxd.it/29M2
2025-08-22,Cure,1997,https://boxd.it/1blA
2025-08-22,Nathan for You: Finding Frances,2017,https://boxd.it/hufy
2025-08-22,Maborosi,1995,https://boxd.it/1G9U
2025-08-22,In Bruges,2008,https://boxd.it/20n8
2025-08-24,Escape from Sobibor,1987,https://boxd.it/1w1c
2025-08-25,The Last 10 Years,2022,https://boxd.it/x57m
2025-08-29,The Farewell,2019,https://boxd.it/kIky
2025-08-29,Gulaal,2009,https://boxd.it/1BAw
2025-08-29,Omkara,2006,https://boxd.it/1Ny8
2025-08-31,The Big Lebowski,1998,https://boxd.it/2b6C
2025-09-01,Like Grains of Sand,1995,https://boxd.it/1sVU
2025-09-02,Stalingrad,1993,https://boxd.it/1UDu
2025-09-02,T-34,2018,https://boxd.it/ihNY
2025-09-03,Postmen in the Mountains,1999,https://boxd.it/3FLM
2025-09-04,Dazed and Confused,1993,https://boxd.it/1Ylk
2025-09-04,Climax,2018,https://boxd.it/ikvo
2025-09-06,The Master,2012,https://boxd.it/2cBG
2025-09-09,Green Book,2018,https://boxd.it/hErk
2025-09-13,Salaam Bombay!,1988,https://boxd.it/Qhi
2025-09-19,The Wonderful Story of Henry Sugar and Three More,2024,https://boxd.it/LYEy
2025-09-24,Borat: Cultural Learnings of America for Make Benefit Glorious Nation of Kazakhstan,2006,https://boxd.it/2agQ
2025-09-28,One Battle After Another,2025,https://boxd.it/DUHM
2025-10-02,The Swimming Pool,1969,https://boxd.it/23BC
2025-10-02,Chhota Bheem and Krishna,2008,https://boxd.it/mIdQ
2025-10-02,Chhota Bheem: The Rise of Kirmada,2012,https://boxd.it/wcAo
2025-10-02,Munna Bhai M.B.B.S.,2003,https://boxd.it/1ENy
2025-10-02,Chhichhore,2019,https://boxd.it/lZOW
2025-10-02,Lage Raho Munna Bhai,2006,https://boxd.it/1BRs
2025-10-02,Company,2002,https://boxd.it/1LzS
2025-10-02,Ki & Ka,2016,https://boxd.it/dD34
2025-10-02,Qurbat,2023,https://boxd.it/F6oY
2025-10-04,Dishoom,2016,https://boxd.it/dKVW
2025-10-09,My Friend Ganesha,2007,https://boxd.it/1IGG
2025-10-11,Kho Gaye Hum Kahan,2023,https://boxd.it/x1qa
2025-10-17,Shamitabh,2015,https://boxd.it/avlI
2025-10-21,Murder on the Orient Express,2017,https://boxd.it/dHjA
2025-10-23,Puparia,2020,https://boxd.it/sNym
2025-10-23,Khoobsurat,2014,https://boxd.it/97Dm
2025-10-27,Toilet: A Love Story,2017,https://boxd.it/fIjA
2025-10-27,Dum Laga Ke Haisha,2015,https://boxd.it/aA8O
2025-10-27,Summer Strike,2022,https://boxd.it/EzmU
2025-10-27,Badhaai Do,2022,https://boxd.it/sl1E
2025-10-27,Sonu Ke Titu Ki Sweety,2018,https://boxd.it/hYYS
2025-10-27,Hindi Medium,2017,https://boxd.it/giPi
2025-10-27,Bareilly Ki Barfi,2017,https://boxd.it/gJbY
2025-10-27,Badrinath Ki Dulhania,2017,https://boxd.it/eAxM
2025-10-27,Happy Bhag Jayegi,2016,https://boxd.it/ehIc
2025-10-27,Insurgent,2015,https://boxd.it/7NNa
2025-10-27,The Hunger Games: Mockingjay – Part 1,2014,https://boxd.it/4hka
2025-10-27,The Hunger Games: Mockingjay – Part 2,2015,https://boxd.it/4hk0
2025-10-27,Humpty Sharma Ki Dulhania,2014,https://boxd.it/8r2I
2025-10-27,Dhoom 3,2013,https://boxd.it/QDS
2025-10-27,The Hangover Part III,2013,https://boxd.it/3GNY
2025-10-27,Ra.One,2011,https://boxd.it/ZbS
2025-10-27,Don 2,2011,https://boxd.it/10am
2025-10-27,Pitch Perfect,2012,https://boxd.it/3OsE
2025-10-27,The Hangover Part II,2011,https://boxd.it/PZI
2025-10-27,The Hangover,2009,https://boxd.it/1GjK
2025-10-27,Eat Pray Love,2010,https://boxd.it/16Cc
2025-10-27,Hotel for Dogs,2009,https://boxd.it/1MEa
2025-10-27,Dhoom 2,2006,https://boxd.it/1OAa
2025-10-27,Hanuman,2005,https://boxd.it/1KNE
2025-10-27,Dhoom,2004,https://boxd.it/1ICE
2025-10-27,Antz,1998,https://boxd.it/1ZB4
2025-10-27,Asterix and the Big Fight,1989,https://boxd.it/1Too
2025-10-27,Paperman,2012,https://boxd.it/4uYW
2025-10-31,Aladdin,1992,https://boxd.it/29yE
2025-11-01,Hotel Transylvania,2012,https://boxd.it/2DF6
2025-11-01,Hotel Transylvania 2,2015,https://boxd.it/4ZLk
2025-11-15,Ok Jaanu,2017,https://boxd.it/eBak
2025-11-15,O Kadhal Kanmani,2015,https://boxd.it/aM7I
2025-11-18,Angoor,1982,https://boxd.it/1BdC
2025-11-24,It Chapter Two,2019,https://boxd.it/h10u
2025-11-25,The Proposal,2009,https://boxd.it/1HiS
2025-11-27,Midnight in Paris,2011,https://boxd.it/i4a
2025-11-28,Train Dreams,2025,https://boxd.it/LdDo
2025-11-28,United 93,2006,https://boxd.it/1XHY
2025-12-01,The Wolverine,2013,https://boxd.it/2CWU
2025-12-02,Johnny English,2003,https://boxd.it/1YyI
2025-12-02,The Story of Bean,1997,https://boxd.it/pqgS
2025-12-02,Mr. Bean: The Library,1990,https://boxd.it/muQO
2025-12-02,Mr. Bean: Funeral,2015,https://boxd.it/muFm
2025-12-02,The Best of Not the Nine O'Clock News Volume Two,2004,https://boxd.it/Vdp2
2025-12-02,Rowan Atkinson Live,1992,https://boxd.it/1GV0
2025-12-02,London 2012 Olympic Opening Ceremony: Isles of Wonder,2012,https://boxd.it/43Cu
2025-12-02,Mr. Bean Takes an Exam,1991,https://boxd.it/yXsK
2025-12-02,Blackadder's Christmas Carol,1988,https://boxd.it/zyw0
2025-12-02,Rowan Atkinson Live: Invisible Drum Kit,1992,https://boxd.it/TwUE
2025-12-02,Laughing Matters,1992,https://boxd.it/2Uie
2025-12-02,Mr. Bean: The Bus Stop,1991,https://boxd.it/jHhw
2025-12-02,Mr. Bean: Blind Date,1993,https://boxd.it/muQY
2025-12-02,Happy Birthday Mr Bean,2021,https://boxd.it/tvMM
2025-12-02,Not Again: Not the Nine O'Clock News,2009,https://boxd.it/CUsU
2025-12-02,Mr. Bean: Police Station,1991,https://boxd.it/muQE
2025-12-02,Mr. Bean's Holiday,2007,https://boxd.it/28Yc
2025-12-02,Johnny English Reborn,2011,https://boxd.it/kQq
2025-12-02,Johnny English Strikes Again,2018,https://boxd.it/gzGW
2025-12-02,Scooby-Doo,2002,https://boxd.it/1YaQ
2025-12-02,Bean,1997,https://boxd.it/28WA
2025-12-02,Mr. Bean's 25th Anniversary: Mr. Bean Drives His Car Again!,2015,https://boxd.it/Umg2
2025-12-02,Stranger Things 5: The Finale,2025,https://boxd.it/YqXW
2025-12-03,Anyone But You,2023,https://boxd.it/EzA8
2025-12-03,Holy Curse,2024,https://boxd.it/Q7dE
2025-12-03,Tomorrowland,2015,https://boxd.it/4YaC
2025-12-03,Terminator Genisys,2015,https://boxd.it/35s0
2025-12-03,The Broken Table,2023,https://boxd.it/FbPq
2025-12-03,The Pawnshop,1916,https://boxd.it/27uA
2025-12-03,A Dog's Life,1918,https://boxd.it/1b5s
2025-12-03,The Adventurer,1917,https://boxd.it/1igs
2025-12-03,The Immigrant,1917,https://boxd.it/Kcm
2025-12-03,The Kid,1921,https://boxd.it/1X5U
2025-12-03,Shoulder Arms,1918,https://boxd.it/wBi
2025-12-03,Pay Day,1922,https://boxd.it/wAk
2025-12-03,The Tramp,1915,https://boxd.it/1k8K
2025-12-03,One A.M.,1916,https://boxd.it/wC6
2025-12-03,The Idle Class,1921,https://boxd.it/WIO
2025-12-03,A Day's Pleasure,1919,https://boxd.it/wAY
2025-12-03,Kid Auto Races at Venice,1914,https://boxd.it/1zVW
2025-12-03,The Cure,1917,https://boxd.it/wBM
2025-12-03,The Rink,1916,https://boxd.it/27uK
2025-12-03,Easy Street,1917,https://boxd.it/KcQ
2025-12-03,The Vagabond,1916,https://boxd.it/1PzW
2025-12-03,Sunnyside,1919,https://boxd.it/wB8
2025-12-03,A Night in the Show,1915,https://boxd.it/wD4
2025-12-03,Behind the Screen,1916,https://boxd.it/wBW
2025-12-03,Mabel's Strange Predicament,1914,https://boxd.it/1zRq
2025-12-03,The Fireman,1916,https://boxd.it/wCg
2025-12-03,The Floorwalker,1916,https://boxd.it/wCq
2025-12-03,The Champion,1915,https://boxd.it/TS2
2025-12-03,Making a Living,1914,https://boxd.it/wJG
2025-12-03,A Burlesque on Carmen,1915,https://boxd.it/wCA
2025-12-03,The Bank,1915,https://boxd.it/wDo
2025-12-03,Laughing Gas,1914,https://boxd.it/1zVs
2025-12-03,Twenty Minutes of Love,1914,https://boxd.it/wIy
2025-12-03,Recreation,1914,https://boxd.it/wGi
2025-12-03,Work,1915,https://boxd.it/wDI
2025-12-03,The Masquerader,1914,https://boxd.it/1zQM
2025-12-03,Caught in the Rain,1914,https://boxd.it/wIo
2025-12-03,A Busy Day,1914,https://boxd.it/wHq
2025-12-03,The New Janitor,1914,https://boxd.it/1zQC
2025-12-03,The Rounders,1914,https://boxd.it/wFY
2025-12-03,Caught in a Cabaret,1914,https://boxd.it/1fMU
2025-12-03,The Face on the Barroom Floor,1914,https://boxd.it/wGs
2025-12-03,Between Showers,1914,https://boxd.it/1zXo
2025-12-03,Tango Tangles,1914,https://boxd.it/wJm
2025-12-03,His New Profession,1914,https://boxd.it/wG8
2025-12-03,"Cruel, Cruel Love",1914,https://boxd.it/1zX4
2025-12-03,A Jitney Elopement,1915,https://boxd.it/CSY
2025-12-03,The Knockout,1914,https://boxd.it/wHg
2025-12-03,His Prehistoric Past,1914,https://boxd.it/wEQ
2025-12-03,Mabel's Busy Day,1914,https://boxd.it/1zV8
2025-12-03,Getting Acquainted,1914,https://boxd.it/wF0
2025-12-03,His Trysting Places,1914,https://boxd.it/wFk
2025-12-03,The Fatal Mallet,1914,https://boxd.it/1zR6
2025-12-03,Triple Trouble,1918,https://boxd.it/wBC
2025-12-03,His Favorite Pastime,1914,https://boxd.it/wJc
2025-12-03,The Star Boarder,1914,https://boxd.it/wJ2
2025-12-03,A Thief Catcher,1914,https://boxd.it/uMS
2025-12-03,The Chaplin Cavalcade,1941,https://boxd.it/o5Nk
2025-12-03,Charlie Chaplin: The Long Year at Essanay,2017,https://boxd.it/ubXW
2025-12-03,The Chaplin Revue,1959,https://boxd.it/khF0
2025-12-04,Mr. Bean Goes to a Première,1991,https://boxd.it/yXsU
2025-12-05,Sector 36,2024,https://boxd.it/Lmti
2025-12-05,Homebound,2025,https://boxd.it/KDDs
2025-12-06,Fire in Babylon,2010,https://boxd.it/8O8
2025-12-06,Mr. India,1987,https://boxd.it/YeQ
2025-12-06,Attack on Titan: The Roar of Awakening,2018,https://boxd.it/hLIs
2025-12-06,Attack on Titan: THE LAST ATTACK,2024,https://boxd.it/PgDE
2025-12-06,Attack on Titan: Chronicle,2020,https://boxd.it/qJw8
2025-12-06,Attack on Titan: Crimson Bow and Arrow,2014,https://boxd.it/dbCK
2025-12-06,Attack on Titan: Wings of Freedom,2015,https://boxd.it/aO9G
2025-12-06,Dabangg 2,2012,https://boxd.it/4FYI
2025-12-06,Singham Returns,2014,https://boxd.it/8Rdi
2025-12-06,Fukrey,2013,https://boxd.it/5ZHa
2025-12-06,Fukrey Returns,2017,https://boxd.it/gen0
2025-12-06,Peepli Live,2010,https://boxd.it/RGo
2025-12-06,The Making of 'The Darjeeling Limited',2010,https://boxd.it/quZO
2025-12-06,Ek Tha Tiger,2012,https://boxd.it/32Xk
2025-12-06,Tiger Zinda Hai,2017,https://boxd.it/fInM
2025-12-06,Dostana,2008,https://boxd.it/1OOQ
2025-12-06,Haseen Dillruba,2021,https://boxd.it/pZGm
2025-12-06,Singham,2011,https://boxd.it/2t9a
2025-12-06,Badhaai Ho,2018,https://boxd.it/jZv2
2025-12-06,Adventure Time,2007,https://boxd.it/bZZ6
2025-12-06,Guzaarish,2010,https://boxd.it/ZbI
2025-12-06,Ittefaq,2017,https://boxd.it/gCw6
2025-12-06,Angrezi Medium,2020,https://boxd.it/moEC
2025-12-06,Pad Man,2018,https://boxd.it/fX5e
2025-12-06,Sultan,2016,https://boxd.it/d65G
2025-12-06,Mother India,1957,https://boxd.it/29hS
2025-12-06,Bāhubali 2: The Conclusion,2017,https://boxd.it/bMfO
2025-12-06,K.G.F: Chapter 2,2022,https://boxd.it/lCgM
2025-12-06,OMG: Oh My God!,2012,https://boxd.it/4nuA
2025-12-06,Neerja,2016,https://boxd.it/d6kc
2025-12-06,Hotel Mumbai,2018,https://boxd.it/eGGg
2025-12-06,The Attacks Of 26/11,2013,https://boxd.it/5ioa
2025-12-06,Hichki,2018,https://boxd.it/hNki
2025-12-06,Jagga Jasoos,2017,https://boxd.it/e5TC
2025-12-06,Golmaal – Fun Unlimited,2006,https://boxd.it/1EI4
2025-12-06,Golmaal 3,2010,https://boxd.it/QDI
2025-12-06,Golmaal Returns,2008,https://boxd.it/1NSC
2025-12-06,Golmaal Again,2017,https://boxd.it/gVGa
2025-12-06,Kick,2014,https://boxd.it/8DPW
2025-12-06,Race,2008,https://boxd.it/1EJQ
2025-12-06,Race 2,2013,https://boxd.it/Rbq
2025-12-06,Race 3,2018,https://boxd.it/hTYS
2025-12-06,Jolly LLB,2013,https://boxd.it/5r9o
2025-12-06,Jolly LLB 2,2017,https://boxd.it/ewEa
2025-12-06,Baaghi,2016,https://boxd.it/dGDE
2025-12-06,Rustom,2016,https://boxd.it/dITu
2025-12-06,The Angry Birds Movie,2016,https://boxd.it/4PBu
2025-12-06,The Angry Birds Movie 2,2019,https://boxd.it/gdL6
2025-12-06,The Emoji Movie,2017,https://boxd.it/d9x4
2025-12-06,Captain Underpants: The First Epic Movie,2017,https://boxd.it/8312
2025-12-06,The Boss Baby,2017,https://boxd.it/9mfO
2025-12-06,Ralph Breaks the Internet,2018,https://boxd.it/edAy
2025-12-06,Wreck-It Ralph,2012,https://boxd.it/2TTS
2025-12-06,Gold,2018,https://boxd.it/hccG
2025-12-06,Namak Halaal,1982,https://boxd.it/AYq
2025-12-06,Haikyu!! the Movie: The End and the Beginning,2015,https://boxd.it/bEcs
2025-12-06,Haikyu!! the Movie: The Winner and the Loser,2015,https://boxd.it/bEcM
2025-12-06,Haikyu!! The Movie: Talent and Sense,2017,https://boxd.it/gvOM
2025-12-06,Haikyu!! The Movie: Battle of Concepts,2017,https://boxd.it/gvOC
2025-12-06,Pokémon: The First Movie,1998,https://boxd.it/1WLA
2025-12-07,Weightlifting Fairy Kim Bok-joo,2016,https://boxd.it/uPpA
2025-12-08,Mob Psycho 100,2018,https://boxd.it/D9Tw
2025-12-08,Mob Psycho 100,2018,https://boxd.it/xmek
2025-12-10,The Dictator,2012,https://boxd.it/2DEW
2025-12-10,Borat Subsequent Moviefilm: Delivery of Prodigious Bribe to American Regime for Make Benefit Once Glorious Nation of Kazakhstan,2020,https://boxd.it/rNS0
2025-12-11,Home Alone 3,1997,https://boxd.it/1XZ4
2025-12-11,Normal People Confessions,2020,https://boxd.it/sy34
2025-12-11,After,2019,https://boxd.it/jBb8
2025-12-11,Rowdy Rathore,2012,https://boxd.it/3v3A
2025-12-11,Bodyguard,2011,https://boxd.it/2vV6
2025-12-11,Harry Potter and the Deathly Hallows: Part 1,2010,https://boxd.it/1RYu
2025-12-11,Goodbye Brooklyn Nine-Nine,2022,https://boxd.it/C4tQ
2025-12-11,"10,000 BC",2008,https://boxd.it/20NK
2025-12-11,101 Dalmatians II: Patch's London Adventure,2002,https://boxd.it/1PHG
2025-12-11,102 Dalmatians,2000,https://boxd.it/1W9G
2025-12-13,Animal,2023,https://boxd.it/toAu
2025-12-17,The Tuxedo,2002,https://boxd.it/1Vra
2025-12-17,Rush Hour,1998,https://boxd.it/27pU
2025-12-20,Raju Ban Gaya Gentleman,1992,https://boxd.it/QzG
2025-12-23,Confessions of a Shopaholic,2009,https://boxd.it/1E9e
2025-12-25,No Other Choice,2025,https://boxd.it/nKiA
2025-12-25,The Polar Express,2004,https://boxd.it/23am
2025-12-25,The Holiday,2006,https://boxd.it/28ye
2025-12-25,Chariots of Fire,1981,https://boxd.it/1YFu
2025-12-28,Night at the Museum: Secret of the Tomb,2014,https://boxd.it/5x3m
2025-12-30,Scenes from a Situationship,2025,https://boxd.it/ZCw6
2025-12-31,Meet Joe Black,1998,https://boxd.it/2aEI
2026-01-03,Chainsaw Man – The Movie: Reze Arc,2025,https://boxd.it/Kgyu
2026-01-05,Dhurandhar,2025,https://boxd.it/NhCI
2026-01-05,Aladdin,2019,https://boxd.it/eSjy
2026-01-06,Paranormal Activity 2,2010,https://boxd.it/ZnO
2026-01-06,Paranormal Activity 3,2011,https://boxd.it/2o4O
2026-01-06,Paranormal Activity,2007,https://boxd.it/1yIM
2026-01-07,Front of the Class,2008,https://boxd.it/9s8
2026-01-07,The Conjuring: The Devil Made Me Do It,2021,https://boxd.it/eXZY
2026-01-07,The Conjuring 2,2016,https://boxd.it/7GJg
2026-01-08,fluffy's third eye,2016,https://boxd.it/nrOW
2026-01-08,The Way Things Go,2023,https://boxd.it/H0AS
2026-01-08,The Song We Sang,2020,https://boxd.it/qj98
2026-01-09,Final Destination Bloodlines,2025,https://boxd.it/l5y4
2026-01-10,Bitter Moon,1992,https://boxd.it/1W76
2026-01-10,BTS World Tour: Love Yourself in Seoul,2019,https://boxd.it/kPZ4
2026-01-10,Burn the Stage: The Movie,2018,https://boxd.it/keyK
2026-01-10,Break the Silence: The Movie,2020,https://boxd.it/rome
2026-01-10,Bring the Soul: The Movie,2019,https://boxd.it/mAmq
2026-01-11,Paa,2009,https://boxd.it/1tYA
2026-01-11,Jhund,2022,https://boxd.it/oMl4
2026-01-15,Tamasha,2015,https://boxd.it/bgLI
2026-01-16,Rocket Singh: Salesman of the Year,2009,https://boxd.it/1t7m
2026-01-16,Chainsaw Man,2022,https://boxd.it/J6t8
2026-01-25,Marty Supreme,2025,https://boxd.it/Off0
2026-01-27,High and Low,1963,https://boxd.it/1RSc
2026-01-29,No Smoking,2007,https://boxd.it/1b5W
2026-01-30,A Complete Unknown,2024,https://boxd.it/oBYa
2026-01-30,Anatomy of a Fall,2023,https://boxd.it/yuDE
2026-01-31,Kiss.,2022,https://boxd.it/ABMW
2026-02-01,Die My Love,2025,https://boxd.it/D5cI
2026-02-07,The Longest Yard,2005,https://boxd.it/1Z3c
2026-02-17,Pokémon Detective Pikachu,2019,https://boxd.it/fVA0
2026-02-17,The Man from Earth,2007,https://boxd.it/1Ql2
2026-02-19,Sirāt,2025,https://boxd.it/HxJo
2026-02-21,Monster,2023,https://boxd.it/DJEM
2026-02-25,The Bypass,2003,https://boxd.it/7j5M
2026-02-28,Dear Comrade,2019,https://boxd.it/kEOE
2026-03-05,She's the Man,2006,https://boxd.it/1Y7W
2026-03-05,Bhoothnath,2008,https://boxd.it/1L6c
2026-03-05,Bhoothnath Returns,2014,https://boxd.it/7RFY
2026-03-05,Bol Bachchan,2012,https://boxd.it/3MzI
2026-03-08,Stree,2018,https://boxd.it/jrdI
2026-03-09,The Double Life of Véronique,1991,https://boxd.it/28va
2026-03-22,Girls Will Be Girls,2024,https://boxd.it/FVUw
2026-03-25,It Was Just an Accident,2025,https://boxd.it/TX2k
2026-03-26,Project Hail Mary,2026,https://boxd.it/pEeQ
2026-03-29,Phantom Thread,2017,https://boxd.it/e4uc
2026-04-01,Happyend,2024,https://boxd.it/rnUa
2026-04-01,New India,2025,https://boxd.it/TP2c
2026-04-08,Hannah Montana: The Movie,2009,https://boxd.it/1Hx4
2026-04-08,The Ballad of Cleopatra,2017,https://boxd.it/gnRe
2026-04-10,Being John Malkovich,1999,https://boxd.it/2ahu
2026-04-10,Jaane Bhi Do Yaaro,2007,https://boxd.it/Lcoi
2026-04-13,Lost in Starlight,2025,https://boxd.it/I6Yo
2026-04-13,Eternity,2025,https://boxd.it/LYtK
2026-04-16,Salim Langde Pe Mat Ro,1989,https://boxd.it/4cJO
2026-04-17,Ab Tak Chhappan,2004,https://boxd.it/1JWg
2026-04-17,A Wednesday!,2008,https://boxd.it/1EFE
2026-04-19,Samay Raina: Still Alive,2026,https://boxd.it/127xe
2026-04-19,Once Upon a Time in My Dumb Life,2023,https://boxd.it/UGcY
2026-04-19,The Jungle Book,1967,https://boxd.it/1YY2
2026-04-21,Taarzan: The Wonder Car,2004,https://boxd.it/8rNY
2026-04-28,The Lion King,2019,https://boxd.it/eSjI
2026-05-06,Le Bonheur,1965,https://boxd.it/xyk
2026-05-06,The Drama,2026,https://boxd.it/OA2w
2026-05-08,Live Aid,1985,https://boxd.it/R0i
2026-05-08,The Backrooms (Found Footage),2022,https://boxd.it/B0mE
2026-05-12,Manchester by the Sea,2016,https://boxd.it/b2L0
2026-05-13,Transformers: Age of Extinction,2014,https://boxd.it/3d1m
2026-05-13,Transformers: The Last Knight,2017,https://boxd.it/b8xo
2026-05-13,Transformers: Dark of the Moon,2011,https://boxd.it/16aC
2026-05-13,Transformers: Revenge of the Fallen,2009,https://boxd.it/20gG
2026-05-14,Diary of a Wimpy Kid: Class Clown,2012,https://boxd.it/7fmE
2026-05-16,Nirvanna the Band the Show the Movie,2025,https://boxd.it/HG9a
2026-05-17,Thingu,2012,https://boxd.it/FyGQ
2026-05-17,Michael Jackson's Thriller,1983,https://boxd.it/3e76
2026-05-17,"Meera, Who Is Krishna To You After All?",,https://boxd.it/N1zI
2026-05-18,Dhurandhar The Revenge,2026,https://boxd.it/Z0Uu
2026-05-20,Radiohead: In Rainbows - From the Basement,2008,https://boxd.it/g7G
2026-05-27,IITJEE - An Experience,,https://boxd.it/12YYW
2026-05-27,Kitabghar,2025,https://boxd.it/Z9C0
2026-05-27,The Rat Catcher,2023,https://boxd.it/Is8a
2026-05-27,Poison,2023,https://boxd.it/Is7Q
2026-05-27,Cousin Ben Troop Screening,2012,https://boxd.it/49SS
2026-05-27,Do You Like to Read?,2012,https://boxd.it/jMMY
2026-05-27,Castello Cavalcanti,2013,https://boxd.it/6WlM
2026-05-27,Bottle Rocket,1993,https://boxd.it/pP8
2026-05-27,The Swan,2023,https://boxd.it/Is80
2026-05-27,Friends: The Reunion,2021,https://boxd.it/pOQq
2026-05-27,Predator,1987,https://boxd.it/2b84
2026-05-28,Hunter × Hunter Pilot,1998,https://boxd.it/lsoc
2026-05-28,JoJo's Bizarre Adventure: Stardust Crusaders,2014,https://boxd.it/R17s
2026-05-28,JoJo’s Bizarre Adventure: Battle Tendency,2012,https://boxd.it/R17W
2026-05-28,JoJo's Bizarre Adventure: Phantom Blood,2012,https://boxd.it/R17i
2026-05-28,Captain Tsubasa,2018,https://boxd.it/qduY
2026-05-28,Lionel Messi - The Drama of Argentina,2022,https://boxd.it/Ed3m
2026-05-28,Norwegian Wood,2010,https://boxd.it/m4S
2026-06-01,Sword Art Online Alternative: Gun Gale Online,2018,https://boxd.it/s1eo
2026-06-01,Sword Art Online the Movie - Progressive - Aria of a Starless Night,2021,https://boxd.it/sCUw
2026-06-01,Sword Art Online the Movie – Progressive – Scherzo of Deep Night,2022,https://boxd.it/xLgU
2026-06-04,The Batman,2022,https://boxd.it/eDGs
2026-06-07,Eega,2012,https://boxd.it/4HhQ
2026-06-07,Varun Grover: Nothing Makes Sense,2026,https://boxd.it/ZW1C
2026-06-10,The Green Knight,2021,https://boxd.it/kuy2
2026-06-11,Go Goa Gone,2013,https://boxd.it/5MJs
2026-06-20,Happy New Year,2014,https://boxd.it/8sf4
2026-06-21,Obsession,2025,https://boxd.it/PNqo
2026-06-24,Dilwale,2015,https://boxd.it/cR60
2026-06-26,Voicemails for Isabelle,2026,https://boxd.it/mJVk
2026-06-27,Mortal Engines,2018,https://boxd.it/fahg
2026-06-30,Main Vaapas Aaunga,2026,https://boxd.it/SXnA
2026-07-01,Minions,2015,https://boxd.it/6jCO
2026-07-01,Minions: The Rise of Gru,2022,https://boxd.it/fz9w
2026-07-06,Baton Baton Mein,1979,https://boxd.it/SU2
2026-07-06,Naram Garam,1981,https://boxd.it/2Z3S
2026-07-07,Kathal,2023,https://boxd.it/zHcI
2026-07-08,Lalsa,2025,https://boxd.it/Ztge
2026-07-08,Satluj,2026,https://boxd.it/HIBg
2026-07-10,Shantiniketan - The Abode of Peace,1949,https://boxd.it/10jVI
2026-07-10,Amar Singh Chamkila,2024,https://boxd.it/F6SY
2026-07-13,Finding Emily,2026,https://boxd.it/PNes
2026-07-14,Dolittle,2020,https://boxd.it/fXEy
2026-07-14,Doctor Dolittle,1998,https://boxd.it/25RM
2026-07-15,The Party,1980,https://boxd.it/2aYy
2026-07-15,Avengers: Infinity War,2018,https://boxd.it/9vEe
2026-07-16,Udta Punjab,2016,https://boxd.it/dXFW
2026-07-16,Bhagam Bhag,2006,https://boxd.it/ZYK
2026-07-21,One Day,2011,https://boxd.it/Asu
2026-07-22,The Odyssey,2026,https://boxd.it/QFQU
2026-07-23,Disclosure Day,2026,https://boxd.it/MDJY
2026-07-30,Backrooms,2026,https://boxd.it/EY6W
2026-07-30,The SpongeBob SquarePants Movie,2004,https://boxd.it/1SYq
2026-08-02,Spider-Man: Brand New Day,2026,https://boxd.it/ACJE
2026-08-02,Atonement,2007,https://boxd.it/24ui
2026-08-03,Barbie,2023,https://boxd.it/bCLK
2026-08-04,Plus Minus,2018,https://boxd.it/UxSm
2026-08-04,The Guest,2016,https://boxd.it/pNdC
2026-08-06,Thor: The Dark World,2013,https://boxd.it/2DqA
2026-08-06,Cars 2,2011,https://boxd.it/H4Y
2026-08-07,The Odyssey: The Making of an Epic,2026,https://boxd.it/153j4
2026-08-08,Evil Dead,2013,https://boxd.it/3GPq
2026-08-08,Evil Dead Burn,2026,https://boxd.it/K1R2
2026-08-17,Alma Matters: Inside the IIT Dream,2021,https://boxd.it/vh0y
